INSERT INTO player (id, first_name, last_name, age, height, weight, injury_status, years_experience, headshot_url, jersey_number, rotowire_id) VALUES
(4240657, 'Michael', 'Carter', 25.0, 68.0, 201.0, NULL, 4.0, 'https://a.espncdn.com/i/headshots/nfl/players/full/4240657.png', 22.0, 15273.0),
(3059722, 'Zay', 'Jones', 29.0, 74.0, 200.0, NULL, 8.0, 'https://a.espncdn.com/i/headshots/nfl/players/full/3059722.png', 12.0, 11751.0),
(4361307, 'Trey', 'McBride', 24.0, 76.0, 246.0, NULL, 3.0, 'https://a.espncdn.com/i/headshots/nfl/players/full/4361307.png', 85.0, 15902.0),
(4037235, 'Greg', 'Dortch', 26.0, 67.0, 175.0, NULL, 4.0, 'https://a.espncdn.com/i/headshots/nfl/players/full/4037235.png', 4.0, 13469.0),
(3045147, 'James', 'Conner', 29.0, 73.0, 233.0, NULL, 8.0, 'https://a.espncdn.com/i/headshots/nfl/players/full/3045147.png', 6.0, 11691.0),
(4429275, 'Trey', 'Benson', 21.0, 73.0, 223.0, NULL, 0.0, 'https://a.espncdn.com/i/headshots/college-football/players/full/4429275.png', 33.0, 17767.0),
(4360761, 'Michael', 'Wilson', 24.0, 74.0, 213.0, NULL, 2.0, 'https://a.espncdn.com/i/headshots/nfl/players/full/4360761.png', 14.0, 16957.0),
(2576581, 'Chris', 'Moore', 31.0, 73.0, 200.0, NULL, 9.0, 'https://a.espncdn.com/i/headshots/nfl/players/full/2576581.png', 10.0, 10994.0),
(11122, 'Matt', 'Prater', 39.0, 70.0, 201.0, NULL, 18.0, 'https://a.espncdn.com/i/headshots/nfl/players/full/11122.png', 5.0, 5051.0),
(4696700, 'Tip', 'Reiman', 22.0, 76.0, 273.0, NULL, 0.0, 'https://a.espncdn.com/i/headshots/college-football/players/full/4696700.png', 87.0, 17966.0),
(4362478, 'Emari', 'Demercado', 25.0, 69.0, 215.0, NULL, 2.0, 'https://a.espncdn.com/i/headshots/nfl/players/full/4362478.png', 31.0, 17091.0),
(3917315, 'Kyler', 'Murray', 26.0, 70.0, 207.0, NULL, 6.0, 'https://a.espncdn.com/i/headshots/nfl/players/full/3917315.png', 1.0, 13613.0),
(4373626, 'Tyler', 'Allgeier', 24.0, 71.0, 220.0, NULL, 3.0, 'https://a.espncdn.com/i/headshots/nfl/players/full/4373626.png', 25.0, 15976.0),
(4430807, 'Bijan', 'Robinson', 22.0, 71.0, 215.0, NULL, 2.0, 'https://a.espncdn.com/i/headshots/nfl/players/full/4430807.png', 7.0, 16739.0),
(4372485, 'Rondale', 'Moore', 24.0, 67.0, 181.0, NULL, 4.0, 'https://a.espncdn.com/i/headshots/nfl/players/full/4372485.png', 14.0, 15514.0),
(4360248, 'Kyle', 'Pitts', 23.0, 78.0, 246.0, NULL, 4.0, 'https://a.espncdn.com/i/headshots/nfl/players/full/4360248.png', 8.0, 15265.0),
(3049899, 'Younghoe', 'Koo', 29.0, 69.0, 185.0, NULL, 7.0, 'https://a.espncdn.com/i/headshots/nfl/players/full/3049899.png', 6.0, 12292.0),
(4428796, 'Casey', 'Washington', 23.0, 72.0, 200.0, NULL, 0.0, 'https://a.espncdn.com/i/headshots/college-football/players/full/4428796.png', 82.0, 18044.0),
(14880, 'Kirk', 'Cousins', 35.0, 75.0, 205.0, 'questionable', 13.0, 'https://a.espncdn.com/i/headshots/nfl/players/full/14880.png', 18.0, 8057.0),
(4426502, 'Drake', 'London', 22.0, 76.0, 213.0, NULL, 3.0, 'https://a.espncdn.com/i/headshots/nfl/players/full/4426502.png', 5.0, 15868.0),
(4040655, 'Darnell', 'Mooney', 26.0, 71.0, 177.0, NULL, 5.0, 'https://a.espncdn.com/i/headshots/nfl/players/full/4040655.png', 1.0, 14510.0),
(2971618, 'Nelson', 'Agholor', 31.0, 72.0, 200.0, NULL, 10.0, 'https://a.espncdn.com/i/headshots/nfl/players/full/2971618.png', 15.0, 10132.0),
(3116365, 'Mark', 'Andrews', 28.0, 77.0, 247.0, NULL, 7.0, 'https://a.espncdn.com/i/headshots/nfl/players/full/3116365.png', 89.0, 12559.0),
(4696882, 'Devontez', 'Walker', 23.0, 73.0, 191.0, NULL, 0.0, 'https://a.espncdn.com/i/headshots/college-football/players/full/4696882.png', 81.0, 17728.0),
(4360939, 'Rashod', 'Bateman', 24.0, 73.0, 197.0, NULL, 4.0, 'https://a.espncdn.com/i/headshots/nfl/players/full/4360939.png', 7.0, 15210.0),
(4038441, 'Justice', 'Hill', 26.0, 70.0, 197.0, NULL, 6.0, 'https://a.espncdn.com/i/headshots/nfl/players/full/4038441.png', 43.0, 13427.0),
(15683, 'Justin', 'Tucker', 34.0, 73.0, 188.0, NULL, 13.0, 'https://a.espncdn.com/i/headshots/nfl/players/full/15683.png', 9.0, 8398.0),
(4596334, 'Keaton', 'Mitchell', 22.0, 68.0, 191.0, 'questionable', 2.0, 'https://a.espncdn.com/i/headshots/nfl/players/full/4596334.png', 34.0, 16810.0),
(4361050, 'Isaiah', 'Likely', 24.0, 76.0, 241.0, NULL, 3.0, 'https://a.espncdn.com/i/headshots/nfl/players/full/4361050.png', 80.0, 16033.0),
(3043078, 'Derrick', 'Henry', 30.0, 74.0, 247.0, NULL, 9.0, 'https://a.espncdn.com/i/headshots/nfl/players/full/3043078.png', 22.0, 10819.0),
(4429615, 'Zay', 'Flowers', 23.0, 69.0, 182.0, NULL, 2.0, 'https://a.espncdn.com/i/headshots/nfl/players/full/4429615.png', 4.0, 16919.0),
(3916387, 'Lamar', 'Jackson', 27.0, 74.0, 215.0, NULL, 7.0, 'https://a.espncdn.com/i/headshots/nfl/players/full/3916387.png', 8.0, 12561.0),
(2991662, 'Mack', 'Hollins', 30.0, 76.0, 221.0, NULL, 8.0, 'https://a.espncdn.com/i/headshots/nfl/players/full/2991662.png', 13.0, 11861.0),
(4635008, 'Keon', 'Coleman', 21.0, 76.0, 215.0, NULL, 0.0, 'https://a.espncdn.com/i/headshots/college-football/players/full/4635008.png', 0.0, 17732.0),
(3930086, 'Dawson', 'Knox', 27.0, 76.0, 254.0, NULL, 6.0, 'https://a.espncdn.com/i/headshots/nfl/players/full/3930086.png', 88.0, 13466.0),
(4429501, 'Ray', 'Davis', 24.0, 68.0, 220.0, NULL, 0.0, 'https://a.espncdn.com/i/headshots/college-football/players/full/4429501.png', 22.0, 17792.0),
(4379399, 'James', 'Cook', 24.0, 71.0, 190.0, NULL, 3.0, 'https://a.espncdn.com/i/headshots/nfl/players/full/4379399.png', 4.0, 15876.0),
(3918298, 'Josh', 'Allen', 28.0, 77.0, 237.0, NULL, 7.0, 'https://a.espncdn.com/i/headshots/nfl/players/full/3918298.png', 17.0, 12483.0),
(3051738, 'Marquez', 'Valdes-Scantling', 29.0, 76.0, 206.0, NULL, 7.0, 'https://a.espncdn.com/i/headshots/nfl/players/full/3051738.png', 81.0, 12934.0),
(4385690, 'Dalton', 'Kincaid', 24.0, 76.0, 240.0, NULL, 2.0, 'https://a.espncdn.com/i/headshots/nfl/players/full/4385690.png', 86.0, 16697.0),
(3917232, 'Tyler', 'Bass', 27.0, 70.0, 183.0, NULL, 5.0, 'https://a.espncdn.com/i/headshots/nfl/players/full/3917232.png', 2.0, 14609.0),
(3121427, 'Curtis', 'Samuel', 27.0, 71.0, 195.0, NULL, 8.0, 'https://a.espncdn.com/i/headshots/nfl/players/full/3121427.png', 1.0, 11710.0),
(4373678, 'Khalil', 'Shakir', 24.0, 72.0, 190.0, 'questionable', 3.0, 'https://a.espncdn.com/i/headshots/nfl/players/full/4373678.png', 10.0, 15892.0),
(3932905, 'Diontae', 'Johnson', 27.0, 70.0, 183.0, NULL, 6.0, 'https://a.espncdn.com/i/headshots/nfl/players/full/3932905.png', 5.0, 13472.0),
(4034949, 'Eddy', 'Pineiro', 28.0, 71.0, 190.0, NULL, 7.0, 'https://a.espncdn.com/i/headshots/nfl/players/full/4034949.png', 4.0, 12582.0),
(3139925, 'Rashaad', 'Penny', 28.0, 71.0, 220.0, NULL, 7.0, 'https://a.espncdn.com/i/headshots/nfl/players/full/3139925.png', 28.0, 12830.0),
(4431588, 'Ja''Tavion', 'Sanders', 21.0, 76.0, 252.0, NULL, 0.0, 'https://a.espncdn.com/i/headshots/college-football/players/full/4431588.png', 85.0, 17748.0),
(4045163, 'Miles', 'Sanders', 27.0, 71.0, 210.0, 'questionable', 6.0, 'https://a.espncdn.com/i/headshots/nfl/players/full/4045163.png', 6.0, 13521.0),
(4426485, 'Jonathan', 'Mingo', 23.0, 74.0, 220.0, NULL, 2.0, 'https://a.espncdn.com/i/headshots/nfl/players/full/4426485.png', 15.0, 16937.0),
(4685720, 'Bryce', 'Young', 22.0, 70.0, 204.0, NULL, 2.0, 'https://a.espncdn.com/i/headshots/nfl/players/full/4685720.png', 9.0, 16807.0),
(16460, 'Adam', 'Thielen', 33.0, 74.0, 195.0, NULL, 11.0, 'https://a.espncdn.com/i/headshots/nfl/players/full/16460.png', 19.0, 8986.0),
(4430034, 'Xavier', 'Legette', 23.0, 75.0, 227.0, 'questionable', 0.0, 'https://a.espncdn.com/i/headshots/college-football/players/full/4430034.png', 17.0, 17734.0),
(4241416, 'Chuba', 'Hubbard', 25.0, 73.0, 210.0, NULL, 4.0, 'https://a.espncdn.com/i/headshots/nfl/players/full/4241416.png', 30.0, 15242.0),
(4372780, 'Tommy', 'Tremble', 24.0, 76.0, 250.0, NULL, 4.0, 'https://a.espncdn.com/i/headshots/nfl/players/full/4372780.png', 82.0, 15371.0),
(4678008, 'Jonathon', 'Brooks', 20.0, 72.0, 207.0, 'questionable', 0.0, 'https://a.espncdn.com/i/headshots/college-football/players/full/4678008.png', 24.0, 17747.0),
(3918639, 'Gerald', 'Everett', 29.0, 75.0, 245.0, NULL, 8.0, 'https://a.espncdn.com/i/headshots/nfl/players/full/3918639.png', 14.0, 11737.0),
(4035886, 'Khalil', 'Herbert', 26.0, 69.0, 212.0, NULL, 4.0, 'https://a.espncdn.com/i/headshots/nfl/players/full/4035886.png', 24.0, 15281.0),
(4259545, 'D''Andre', 'Swift', 25.0, 69.0, 215.0, NULL, 5.0, 'https://a.espncdn.com/i/headshots/nfl/players/full/4259545.png', 4.0, 14394.0),
(4565908, 'Tyler', 'Scott', 22.0, 71.0, 185.0, NULL, 2.0, 'https://a.espncdn.com/i/headshots/nfl/players/full/4565908.png', 10.0, 16713.0),
(4258595, 'Cole', 'Kmet', 25.0, 78.0, 260.0, NULL, 5.0, 'https://a.espncdn.com/i/headshots/nfl/players/full/4258595.png', 85.0, 14436.0),
(4431299, 'Rome', 'Odunze', 22.0, 75.0, 215.0, NULL, 0.0, 'https://a.espncdn.com/i/headshots/college-football/players/full/4431299.png', 15.0, 17020.0),
(4431611, 'Caleb', 'Williams', 22.0, 73.0, 215.0, NULL, 0.0, 'https://a.espncdn.com/i/headshots/college-football/players/full/4431611.png', 18.0, 17695.0),
(17427, 'Cairo', 'Santos', 32.0, 68.0, 175.0, NULL, 10.0, 'https://a.espncdn.com/i/headshots/nfl/players/full/17427.png', 8.0, 9633.0),
(3915416, 'DJ', 'Moore', 27.0, 71.0, 210.0, NULL, 7.0, 'https://a.espncdn.com/i/headshots/nfl/players/full/3915416.png', 2.0, 12477.0),
(15818, 'Keenan', 'Allen', 32.0, 74.0, 211.0, NULL, 12.0, 'https://a.espncdn.com/i/headshots/nfl/players/full/15818.png', 13.0, 8627.0),
(4426386, 'Roschon', 'Johnson', 23.0, 72.0, 225.0, NULL, 2.0, 'https://a.espncdn.com/i/headshots/nfl/players/full/4426386.png', 23.0, 16772.0),
(3116164, 'Mike', 'Gesicki', 28.0, 78.0, 252.0, NULL, 7.0, 'https://a.espncdn.com/i/headshots/nfl/players/full/3116164.png', 88.0, 12764.0),
(4360234, 'Evan', 'McPherson', 24.0, 71.0, 185.0, NULL, 4.0, 'https://a.espncdn.com/i/headshots/nfl/players/full/4360234.png', 2.0, 15383.0),
(3915511, 'Joe', 'Burrow', 27.0, 76.0, 215.0, 'questionable', 5.0, 'https://a.espncdn.com/i/headshots/nfl/players/full/3915511.png', 9.0, 14442.0),
(4429033, 'Jermaine', 'Burton', 22.0, 72.0, 194.0, NULL, 0.0, 'https://a.espncdn.com/i/headshots/college-football/players/full/4429033.png', 81.0, 17738.0),
(3050481, 'Tanner', 'Hudson', 29.0, 77.0, 239.0, NULL, 5.0, 'https://a.espncdn.com/i/headshots/nfl/players/full/3050481.png', 87.0, 13286.0),
(3931391, 'Trenton', 'Irwin', 28.0, 74.0, 200.0, NULL, 5.0, 'https://a.espncdn.com/i/headshots/nfl/players/full/3931391.png', 16.0, 13626.0),
(4368003, 'Andrei', 'Iosivas', 24.0, 75.0, 205.0, NULL, 2.0, 'https://a.espncdn.com/i/headshots/nfl/players/full/4368003.png', 80.0, 16965.0),
(3886812, 'Jake', 'Browning', 28.0, 74.0, 209.0, NULL, 2.0, 'https://a.espncdn.com/i/headshots/nfl/players/full/3886812.png', 6.0, 13504.0),
(4239993, 'Tee', 'Higgins', 25.0, 76.0, 219.0, NULL, 5.0, 'https://a.espncdn.com/i/headshots/nfl/players/full/4239993.png', 5.0, 14506.0),
(4035676, 'Zack', 'Moss', 26.0, 70.0, 215.0, NULL, 5.0, 'https://a.espncdn.com/i/headshots/nfl/players/full/4035676.png', 31.0, 14564.0),
(4362238, 'Chase', 'Brown', 24.0, 70.0, 211.0, NULL, 2.0, 'https://a.espncdn.com/i/headshots/nfl/players/full/4362238.png', 30.0, 16934.0),
(4362628, 'Ja''Marr', 'Chase', 24.0, 72.0, 201.0, NULL, 4.0, 'https://a.espncdn.com/i/headshots/nfl/players/full/4362628.png', 1.0, 15183.0),
(3125116, 'D''Onta', 'Foreman', 28.0, 72.0, 235.0, NULL, 6.0, 'https://a.espncdn.com/i/headshots/nfl/players/full/3125116.png', 27.0, 11685.0),
(3122840, 'Deshaun', 'Watson', 28.0, 75.0, 223.0, 'questionable', 8.0, 'https://a.espncdn.com/i/headshots/nfl/players/full/3122840.png', 4.0, 11712.0),
(4372414, 'Elijah', 'Moore', 24.0, 70.0, 180.0, NULL, 4.0, 'https://a.espncdn.com/i/headshots/nfl/players/full/4372414.png', 8.0, 15280.0),
(4372019, 'Jerome', 'Ford', 24.0, 70.0, 210.0, NULL, 3.0, 'https://a.espncdn.com/i/headshots/nfl/players/full/4372019.png', 34.0, 15989.0),
(4241463, 'Jerry', 'Jeudy', 25.0, 73.0, 195.0, NULL, 5.0, 'https://a.espncdn.com/i/headshots/nfl/players/full/4241463.png', 3.0, 14458.0),
(4570409, 'David', 'Bell', 23.0, 73.0, 212.0, NULL, 3.0, 'https://a.espncdn.com/i/headshots/nfl/players/full/4570409.png', 18.0, 15803.0),
(3123076, 'David', 'Njoku', 27.0, 76.0, 246.0, NULL, 8.0, 'https://a.espncdn.com/i/headshots/nfl/players/full/3123076.png', 85.0, 11734.0),
(3128720, 'Nick', 'Chubb', 28.0, 71.0, 227.0, 'questionable', 7.0, 'https://a.espncdn.com/i/headshots/nfl/players/full/3128720.png', 24.0, 12886.0),
(15965, 'Dustin', 'Hopkins', 33.0, 74.0, 210.0, NULL, 11.0, 'https://a.espncdn.com/i/headshots/nfl/players/full/15965.png', 7.0, 8896.0),
(4369863, 'Cedric', 'Tillman', 24.0, 75.0, 215.0, NULL, 2.0, 'https://a.espncdn.com/i/headshots/nfl/players/full/4369863.png', 19.0, 16706.0),
(2976499, 'Amari', 'Cooper', 30.0, 73.0, 211.0, NULL, 10.0, 'https://a.espncdn.com/i/headshots/nfl/players/full/2976499.png', 2.0, 10055.0),
(3128452, 'Jordan', 'Akins', 32.0, 76.0, 245.0, NULL, 7.0, 'https://a.espncdn.com/i/headshots/nfl/players/full/3128452.png', 88.0, 12568.0),
(4241389, 'CeeDee', 'Lamb', 25.0, 74.0, 200.0, NULL, 5.0, 'https://a.espncdn.com/i/headshots/nfl/players/full/4241389.png', 88.0, 14411.0),
(3953687, 'Brandon', 'Aubrey', 29.0, 75.0, 208.0, NULL, 2.0, 'https://a.espncdn.com/i/headshots/nfl/players/full/3953687.png', 17.0, 17649.0),
(4372096, 'Luke', 'Schoonmaker', 25.0, 77.0, 250.0, 'questionable', 2.0, 'https://a.espncdn.com/i/headshots/nfl/players/full/4372096.png', 86.0, 16855.0),
(4242355, 'Jake', 'Ferguson', 25.0, 77.0, 244.0, NULL, 3.0, 'https://a.espncdn.com/i/headshots/nfl/players/full/4242355.png', 87.0, 15947.0),
(2577417, 'Dak', 'Prescott', 30.0, 74.0, 238.0, NULL, 9.0, 'https://a.espncdn.com/i/headshots/nfl/players/full/2577417.png', 4.0, 11008.0),
(4038815, 'Rico', 'Dowdle', 26.0, 72.0, 215.0, NULL, 5.0, 'https://a.espncdn.com/i/headshots/nfl/players/full/4038815.png', 23.0, 14657.0),
(4431453, 'Deuce', 'Vaughn', 22.0, 66.0, 176.0, NULL, 2.0, 'https://a.espncdn.com/i/headshots/nfl/players/full/4431453.png', 42.0, 17003.0),
(16731, 'Brandin', 'Cooks', 30.0, 70.0, 189.0, NULL, 11.0, 'https://a.espncdn.com/i/headshots/nfl/players/full/16731.png', 3.0, 9260.0),
(4249417, 'Jalen', 'Tolbert', 25.0, 73.0, 195.0, NULL, 3.0, 'https://a.espncdn.com/i/headshots/nfl/players/full/4249417.png', 1.0, 16010.0),
(3051392, 'Ezekiel', 'Elliott', 28.0, 72.0, 228.0, NULL, 9.0, 'https://a.espncdn.com/i/headshots/nfl/players/full/3051392.png', 15.0, 10736.0),
(3128429, 'Courtland', 'Sutton', 28.0, 76.0, 216.0, NULL, 7.0, 'https://a.espncdn.com/i/headshots/nfl/players/full/3128429.png', 14.0, 12586.0),
(4722893, 'Jaleel', 'McLaughlin', 23.0, 67.0, 187.0, NULL, 2.0, 'https://a.espncdn.com/i/headshots/nfl/players/full/4722893.png', 38.0, 17319.0),
(4360231, 'Lucas', 'Krull', 25.0, 78.0, 260.0, NULL, 2.0, 'https://a.espncdn.com/i/headshots/nfl/players/full/4360231.png', 85.0, 16259.0),
(2985659, 'Wil', 'Lutz', 29.0, 71.0, 184.0, NULL, 9.0, 'https://a.espncdn.com/i/headshots/nfl/players/full/2985659.png', 3.0, 11309.0),
(4361579, 'Javonte', 'Williams', 24.0, 70.0, 220.0, NULL, 4.0, 'https://a.espncdn.com/i/headshots/nfl/players/full/4361579.png', 33.0, 15306.0),
(4361259, 'Zach', 'Wilson', 24.0, 74.0, 214.0, NULL, 3.0, 'https://a.espncdn.com/i/headshots/nfl/players/full/4361259.png', 4.0, 15330.0),
(4426338, 'Bo', 'Nix', 24.0, 74.0, 217.0, NULL, 0.0, 'https://a.espncdn.com/i/headshots/college-football/players/full/4426338.png', 10.0, 16995.0),
(3116389, 'Samaje', 'Perine', 28.0, 70.0, 236.0, NULL, 8.0, 'https://a.espncdn.com/i/headshots/nfl/players/full/3116389.png', 25.0, 11698.0),
(4569682, 'Audric', 'Estime', 20.0, 71.0, 227.0, 'questionable', 0.0, 'https://a.espncdn.com/i/headshots/college-football/players/full/4569682.png', 37.0, 17788.0),
(4367209, 'Greg', 'Dulcich', 24.0, 76.0, 245.0, NULL, 3.0, 'https://a.espncdn.com/i/headshots/nfl/players/full/4367209.png', 80.0, 15891.0),
(4431280, 'Troy', 'Franklin', 21.0, 75.0, 180.0, NULL, 0.0, 'https://a.espncdn.com/i/headshots/college-football/players/full/4431280.png', 16.0, 17719.0),
(3115306, 'Josh', 'Reynolds', 29.0, 75.0, 192.0, NULL, 7.0, 'https://a.espncdn.com/i/headshots/nfl/players/full/3115306.png', 11.0, 11871.0),
(3911853, 'Adam', 'Trautman', 27.0, 77.0, 253.0, 'questionable', 5.0, 'https://a.espncdn.com/i/headshots/nfl/players/full/3911853.png', 82.0, 14541.0),
(4242392, 'Brock', 'Wright', 25.0, 77.0, 250.0, NULL, 4.0, 'https://a.espncdn.com/i/headshots/nfl/players/full/4242392.png', 89.0, 15681.0),
(4430027, 'Sam', 'LaPorta', 23.0, 75.0, 245.0, NULL, 2.0, 'https://a.espncdn.com/i/headshots/nfl/players/full/4430027.png', 87.0, 17033.0),
(3123052, 'Michael', 'Badgley', 28.0, 70.0, 188.0, NULL, 6.0, 'https://a.espncdn.com/i/headshots/nfl/players/full/3123052.png', 17.0, 12775.0),
(4035538, 'David', 'Montgomery', 27.0, 71.0, 224.0, NULL, 6.0, 'https://a.espncdn.com/i/headshots/nfl/players/full/4035538.png', 5.0, 13556.0),
(2973405, 'Kalif', 'Raymond', 29.0, 68.0, 180.0, NULL, 8.0, 'https://a.espncdn.com/i/headshots/nfl/players/full/2973405.png', 11.0, 11429.0),
(4429795, 'Jahmyr', 'Gibbs', 22.0, 69.0, 200.0, 'questionable', 2.0, 'https://a.espncdn.com/i/headshots/nfl/players/full/4429795.png', 26.0, 16808.0),
(3046779, 'Jared', 'Goff', 29.0, 76.0, 217.0, NULL, 9.0, 'https://a.espncdn.com/i/headshots/nfl/players/full/3046779.png', 16.0, 10729.0),
(4426388, 'Jameson', 'Williams', 23.0, 73.0, 180.0, NULL, 3.0, 'https://a.espncdn.com/i/headshots/nfl/players/full/4426388.png', 9.0, 15849.0),
(4036378, 'Jordan', 'Love', 25.0, 76.0, 219.0, NULL, 5.0, 'https://a.espncdn.com/i/headshots/nfl/players/full/4036378.png', 10.0, 14371.0),
(4361432, 'Romeo', 'Doubs', 24.0, 74.0, 204.0, NULL, 3.0, 'https://a.espncdn.com/i/headshots/nfl/players/full/4361432.png', 87.0, 16027.0),
(4362249, 'Jayden', 'Reed', 24.0, 71.0, 187.0, NULL, 2.0, 'https://a.espncdn.com/i/headshots/nfl/players/full/4362249.png', 11.0, 16977.0),
(4239934, 'AJ', 'Dillon', 26.0, 72.0, 247.0, NULL, 5.0, 'https://a.espncdn.com/i/headshots/nfl/players/full/4239934.png', 28.0, 14370.0),
(4259305, 'Bo', 'Melton', 25.0, 71.0, 189.0, NULL, 1.0, 'https://a.espncdn.com/i/headshots/nfl/players/full/4259305.png', 80.0, 15935.0),
(4429023, 'MarShawn', 'Lloyd', 23.0, 69.0, 220.0, NULL, 0.0, 'https://a.espncdn.com/i/headshots/college-football/players/full/4429023.png', 32.0, 17795.0),
(4428850, 'Dontayvion', 'Wicks', 23.0, 73.0, 206.0, NULL, 2.0, 'https://a.espncdn.com/i/headshots/nfl/players/full/4428850.png', 13.0, 16658.0),
(3975763, 'Greg', 'Joseph', 29.0, 72.0, 206.0, NULL, 4.0, 'https://a.espncdn.com/i/headshots/nfl/players/full/3975763.png', 2.0, 13266.0),
(4572680, 'Tucker', 'Kraft', 23.0, 77.0, 259.0, 'questionable', 2.0, 'https://a.espncdn.com/i/headshots/nfl/players/full/4572680.png', 85.0, 16649.0),
(4047365, 'Josh', 'Jacobs', 26.0, 70.0, 223.0, NULL, 6.0, 'https://a.espncdn.com/i/headshots/nfl/players/full/4047365.png', 8.0, 13582.0),
(4248528, 'Christian', 'Watson', 25.0, 76.0, 208.0, NULL, 3.0, 'https://a.espncdn.com/i/headshots/nfl/players/full/4248528.png', 9.0, 15946.0),
(4428085, 'Luke', 'Musgrave', 23.0, 78.0, 253.0, NULL, 2.0, 'https://a.espncdn.com/i/headshots/nfl/players/full/4428085.png', 88.0, 16663.0),
(3117256, 'Dalton', 'Schultz', 27.0, 77.0, 244.0, NULL, 7.0, 'https://a.espncdn.com/i/headshots/nfl/players/full/3117256.png', 86.0, 12514.0),
(2971573, 'Ka''imi', 'Fairbairn', 30.0, 72.0, 183.0, NULL, 9.0, 'https://a.espncdn.com/i/headshots/nfl/players/full/2971573.png', 15.0, 11031.0),
(4258173, 'Nico', 'Collins', 25.0, 76.0, 215.0, NULL, 4.0, 'https://a.espncdn.com/i/headshots/nfl/players/full/4258173.png', 12.0, 15200.0),
(4360238, 'Dameon', 'Pierce', 24.0, 70.0, 218.0, NULL, 3.0, 'https://a.espncdn.com/i/headshots/nfl/players/full/4360238.png', 31.0, 15875.0),
(4362504, 'Brevin', 'Jordan', 23.0, 75.0, 245.0, NULL, 4.0, 'https://a.espncdn.com/i/headshots/nfl/players/full/4362504.png', 9.0, 15369.0),
(15880, 'Robert', 'Woods', 32.0, 72.0, 195.0, NULL, 12.0, 'https://a.espncdn.com/i/headshots/nfl/players/full/15880.png', 2.0, 8628.0),
(3116385, 'Joe', 'Mixon', 27.0, 73.0, 228.0, NULL, 8.0, 'https://a.espncdn.com/i/headshots/nfl/players/full/3116385.png', 28.0, 11707.0),
(3121409, 'Noah', 'Brown', 28.0, 74.0, 215.0, 'questionable', 8.0, 'https://a.espncdn.com/i/headshots/nfl/players/full/3121409.png', 85.0, 11849.0),
(4426496, 'Cade', 'Stover', 24.0, 76.0, 255.0, NULL, 0.0, 'https://a.espncdn.com/i/headshots/college-football/players/full/4426496.png', 87.0, 17794.0),
(4432577, 'C.J.', 'Stroud', 22.0, 75.0, 218.0, NULL, 2.0, 'https://a.espncdn.com/i/headshots/nfl/players/full/4432577.png', 7.0, 16886.0),
(2976212, 'Stefon', 'Diggs', 30.0, 72.0, 191.0, NULL, 10.0, 'https://a.espncdn.com/i/headshots/nfl/players/full/2976212.png', 1.0, 10133.0),
(4366031, 'Tank', 'Dell', 24.0, 70.0, 165.0, NULL, 2.0, 'https://a.espncdn.com/i/headshots/nfl/players/full/4366031.png', 3.0, 16935.0),
(4362523, 'Will', 'Mallory', 25.0, 76.0, 239.0, NULL, 2.0, 'https://a.espncdn.com/i/headshots/nfl/players/full/4362523.png', 86.0, 17014.0),
(4688813, 'Josh', 'Downs', 22.0, 69.0, 171.0, NULL, 2.0, 'https://a.espncdn.com/i/headshots/nfl/players/full/4688813.png', 1.0, 16689.0),
(4039160, 'Kylen', 'Granson', 26.0, 75.0, 242.0, NULL, 4.0, 'https://a.espncdn.com/i/headshots/nfl/players/full/4039160.png', 83.0, 15245.0),
(4360078, 'Alec', 'Pierce', 24.0, 75.0, 211.0, 'questionable', 3.0, 'https://a.espncdn.com/i/headshots/nfl/players/full/4360078.png', 14.0, 16022.0),
(2998565, 'Mo', 'Alie-Cox', 30.0, 77.0, 267.0, NULL, 7.0, 'https://a.espncdn.com/i/headshots/nfl/players/full/2998565.png', 81.0, 12196.0),
(4249087, 'Matt', 'Gay', 30.0, 72.0, 232.0, NULL, 6.0, 'https://a.espncdn.com/i/headshots/nfl/players/full/4249087.png', 7.0, 13673.0),
(4597500, 'Adonai', 'Mitchell', 21.0, 74.0, 205.0, NULL, 0.0, 'https://a.espncdn.com/i/headshots/college-football/players/full/4597500.png', 10.0, 17668.0),
(4241401, 'Trey', 'Sermon', 25.0, 72.0, 215.0, NULL, 4.0, 'https://a.espncdn.com/i/headshots/nfl/players/full/4241401.png', 27.0, 15413.0),
(4242335, 'Jonathan', 'Taylor', 25.0, 70.0, 226.0, NULL, 5.0, 'https://a.espncdn.com/i/headshots/nfl/players/full/4242335.png', 28.0, 14455.0),
(4429084, 'Anthony', 'Richardson', 22.0, 76.0, 244.0, NULL, 2.0, 'https://a.espncdn.com/i/headshots/nfl/players/full/4429084.png', 5.0, 16653.0),
(11252, 'Joe', 'Flacco', 39.0, 78.0, 230.0, NULL, 18.0, 'https://a.espncdn.com/i/headshots/nfl/players/full/11252.png', 15.0, 5648.0),
(4241410, 'Jelani', 'Woods', 25.0, 79.0, 253.0, NULL, 3.0, 'https://a.espncdn.com/i/headshots/nfl/players/full/4241410.png', 80.0, 15821.0),
(4569609, 'Evan', 'Hull', 23.0, 70.0, 209.0, NULL, 2.0, 'https://a.espncdn.com/i/headshots/nfl/players/full/4569609.png', 26.0, 16676.0),
(3139602, 'D''Ernest', 'Johnson', 28.0, 70.0, 208.0, NULL, 6.0, 'https://a.espncdn.com/i/headshots/nfl/players/full/3139602.png', 2.0, 12678.0),
(4241464, 'Mac', 'Jones', 25.0, 75.0, 214.0, NULL, 4.0, 'https://a.espncdn.com/i/headshots/nfl/players/full/4241464.png', 10.0, 15402.0),
(4360310, 'Trevor', 'Lawrence', 24.0, 78.0, 220.0, NULL, 4.0, 'https://a.espncdn.com/i/headshots/nfl/players/full/4360310.png', 16.0, 15357.0),
(4243537, 'Gabe', 'Davis', 25.0, 74.0, 210.0, 'questionable', 5.0, 'https://a.espncdn.com/i/headshots/nfl/players/full/4243537.png', 0.0, 14359.0),
(4243371, 'Riley', 'Patterson', 24.0, 72.0, 190.0, NULL, 4.0, 'https://a.espncdn.com/i/headshots/nfl/players/full/4243371.png', 38.0, 15512.0),
(3895856, 'Christian', 'Kirk', 27.0, 71.0, 200.0, NULL, 7.0, 'https://a.espncdn.com/i/headshots/nfl/players/full/3895856.png', 13.0, 12508.0),
(4432620, 'Parker', 'Washington', 22.0, 70.0, 212.0, NULL, 2.0, 'https://a.espncdn.com/i/headshots/nfl/players/full/4432620.png', 11.0, 16690.0),
(4429013, 'Tank', 'Bigsby', 22.0, 72.0, 213.0, NULL, 2.0, 'https://a.espncdn.com/i/headshots/nfl/players/full/4429013.png', 4.0, 16705.0),
(3051876, 'Evan', 'Engram', 29.0, 75.0, 240.0, NULL, 8.0, 'https://a.espncdn.com/i/headshots/nfl/players/full/3051876.png', 17.0, 11805.0),
(4428331, 'Rashee', 'Rice', 24.0, 73.0, 204.0, NULL, 2.0, 'https://a.espncdn.com/i/headshots/nfl/players/full/4428331.png', 4.0, 16963.0),
(3055899, 'Harrison', 'Butker', 28.0, 76.0, 205.0, NULL, 8.0, 'https://a.espncdn.com/i/headshots/nfl/players/full/3055899.png', 7.0, 11783.0),
(4242214, 'Clyde', 'Edwards-Helaire', 25.0, 67.0, 207.0, NULL, 5.0, 'https://a.espncdn.com/i/headshots/nfl/players/full/4242214.png', 25.0, 14514.0),
(4683062, 'Xavier', 'Worthy', 21.0, 71.0, 165.0, 'questionable', 0.0, 'https://a.espncdn.com/i/headshots/college-football/players/full/4683062.png', 1.0, 17687.0),
(4361529, 'Isiah', 'Pacheco', 25.0, 70.0, 216.0, NULL, 3.0, 'https://a.espncdn.com/i/headshots/nfl/players/full/4361529.png', 10.0, 16104.0),
(4240472, 'Noah', 'Gray', 25.0, 75.0, 240.0, NULL, 4.0, 'https://a.espncdn.com/i/headshots/nfl/players/full/4240472.png', 83.0, 15459.0),
(15847, 'Travis', 'Kelce', 34.0, 77.0, 250.0, NULL, 12.0, 'https://a.espncdn.com/i/headshots/nfl/players/full/15847.png', 87.0, 8783.0),
(4430723, 'Jared', 'Wiley', 23.0, 78.0, 249.0, NULL, 0.0, 'https://a.espncdn.com/i/headshots/college-football/players/full/4430723.png', 12.0, 17894.0),
(3118892, 'Justin', 'Watson', 28.0, 74.0, 215.0, NULL, 7.0, 'https://a.espncdn.com/i/headshots/nfl/players/full/3118892.png', 84.0, 12746.0),
(4240600, 'Kadarius', 'Toney', 25.0, 72.0, 193.0, NULL, 4.0, 'https://a.espncdn.com/i/headshots/nfl/players/full/4240600.png', 19.0, 15336.0),
(4048244, 'Alexander', 'Mattison', 26.0, 71.0, 220.0, NULL, 6.0, 'https://a.espncdn.com/i/headshots/nfl/players/full/4048244.png', 22.0, 13477.0),
(4036348, 'Michael', 'Gallup', 28.0, 73.0, 205.0, NULL, 7.0, 'https://a.espncdn.com/i/headshots/nfl/players/full/4036348.png', 10.0, 12810.0),
(16800, 'Davante', 'Adams', 31.0, 73.0, 215.0, NULL, 11.0, 'https://a.espncdn.com/i/headshots/nfl/players/full/16800.png', 17.0, 9455.0),
(4428718, 'Tre', 'Tucker', 23.0, 69.0, 185.0, NULL, 2.0, 'https://a.espncdn.com/i/headshots/nfl/players/full/4428718.png', 11.0, 16694.0),
(3916433, 'Jakobi', 'Meyers', 27.0, 74.0, 200.0, NULL, 6.0, 'https://a.espncdn.com/i/headshots/nfl/players/full/3916433.png', 16.0, 13517.0),
(4361777, 'Zamir', 'White', 24.0, 72.0, 215.0, NULL, 3.0, 'https://a.espncdn.com/i/headshots/nfl/players/full/4361777.png', 3.0, 15852.0),
(4432665, 'Brock', 'Bowers', 21.0, 76.0, 230.0, NULL, 0.0, 'https://a.espncdn.com/i/headshots/college-football/players/full/4432665.png', 89.0, 17693.0),
(4429086, 'Michael', 'Mayer', 22.0, 76.0, 265.0, NULL, 2.0, 'https://a.espncdn.com/i/headshots/nfl/players/full/4429086.png', 87.0, 16666.0),
(3051909, 'Daniel', 'Carlson', 29.0, 77.0, 215.0, NULL, 7.0, 'https://a.espncdn.com/i/headshots/nfl/players/full/3051909.png', 2.0, 12842.0),
(4260394, 'Aidan', 'O''Connell', 25.0, 75.0, 210.0, NULL, 2.0, 'https://a.espncdn.com/i/headshots/nfl/players/full/4260394.png', 12.0, 16716.0),
(4040774, 'Harrison', 'Bryant', 26.0, 77.0, 230.0, NULL, 5.0, 'https://a.espncdn.com/i/headshots/nfl/players/full/4040774.png', 84.0, 14576.0),
(4241985, 'J.K.', 'Dobbins', 25.0, 70.0, 215.0, 'questionable', 5.0, 'https://a.espncdn.com/i/headshots/nfl/players/full/4241985.png', 27.0, 14418.0),
(4242433, 'Joshua', 'Palmer', 24.0, 73.0, 210.0, NULL, 4.0, 'https://a.espncdn.com/i/headshots/nfl/players/full/4242433.png', 5.0, 15447.0),
(4362081, 'Cameron', 'Dicker', 24.0, 73.0, 216.0, NULL, 3.0, 'https://a.espncdn.com/i/headshots/nfl/players/full/4362081.png', 11.0, 16226.0),
(4429025, 'Quentin', 'Johnston', 22.0, 76.0, 215.0, NULL, 2.0, 'https://a.espncdn.com/i/headshots/nfl/players/full/4429025.png', 1.0, 16899.0),
(3127292, 'Will', 'Dissly', 27.0, 76.0, 265.0, NULL, 7.0, 'https://a.espncdn.com/i/headshots/nfl/players/full/3127292.png', 81.0, 12986.0),
(3051926, 'Gus', 'Edwards', 29.0, 73.0, 238.0, 'questionable', 7.0, 'https://a.espncdn.com/i/headshots/nfl/players/full/3051926.png', 4.0, 13123.0),
(4612826, 'Ladd', 'McConkey', 22.0, 72.0, 185.0, NULL, 0.0, 'https://a.espncdn.com/i/headshots/college-football/players/full/4612826.png', 15.0, 17724.0),
(4426891, 'Isaiah', 'Spiller', 22.0, 73.0, 215.0, NULL, 3.0, 'https://a.espncdn.com/i/headshots/nfl/players/full/4426891.png', 28.0, 15908.0),
(4430968, 'Kimani', 'Vidal', 22.0, 68.0, 215.0, NULL, 0.0, 'https://a.espncdn.com/i/headshots/college-football/players/full/4430968.png', 30.0, 17821.0),
(4038941, 'Justin', 'Herbert', 26.0, 78.0, 236.0, NULL, 5.0, 'https://a.espncdn.com/i/headshots/nfl/players/full/4038941.png', 10.0, 14446.0),
(4686781, 'Brenden', 'Rice', 22.0, 75.0, 210.0, NULL, 0.0, 'https://a.espncdn.com/i/headshots/college-football/players/full/4686781.png', 82.0, 17756.0),
(3924365, 'Hayden', 'Hurst', 30.0, 76.0, 245.0, NULL, 7.0, 'https://a.espncdn.com/i/headshots/nfl/players/full/3924365.png', 88.0, 12467.0),
(4426515, 'Puka', 'Nacua', 23.0, 74.0, 212.0, NULL, 2.0, 'https://a.espncdn.com/i/headshots/nfl/players/full/4426515.png', 17.0, 16790.0),
(4242557, 'Colby', 'Parkinson', 25.0, 79.0, 265.0, NULL, 5.0, 'https://a.espncdn.com/i/headshots/nfl/players/full/4242557.png', 86.0, 14463.0),
(4426553, 'Davis', 'Allen', 23.0, 78.0, 251.0, NULL, 2.0, 'https://a.espncdn.com/i/headshots/nfl/players/full/4426553.png', 87.0, 17030.0),
(4243003, 'Ronnie', 'Rivers', 25.0, 69.0, 192.0, NULL, 3.0, 'https://a.espncdn.com/i/headshots/nfl/players/full/4243003.png', 20.0, 16108.0),
(12483, 'Matthew', 'Stafford', 36.0, 75.0, 214.0, NULL, 16.0, 'https://a.espncdn.com/i/headshots/nfl/players/full/12483.png', 9.0, 5971.0),
(4360797, 'Tutu', 'Atwell', 24.0, 69.0, 165.0, NULL, 4.0, 'https://a.espncdn.com/i/headshots/nfl/players/full/4360797.png', 5.0, 15229.0),
(16760, 'Jimmy', 'Garoppolo', 32.0, 74.0, 225.0, NULL, 11.0, 'https://a.espncdn.com/i/headshots/nfl/players/full/16760.png', 11.0, 9320.0),
(4566192, 'Joshua', 'Karty', 22.0, 74.0, 207.0, NULL, 0.0, 'https://a.espncdn.com/i/headshots/college-football/players/full/4566192.png', 43.0, 17923.0),
(4430737, 'Kyren', 'Williams', 23.0, 69.0, 202.0, NULL, 3.0, 'https://a.espncdn.com/i/headshots/nfl/players/full/4430737.png', 23.0, 15807.0),
(3043116, 'Demarcus', 'Robinson', 29.0, 73.0, 202.0, NULL, 9.0, 'https://a.espncdn.com/i/headshots/nfl/players/full/3043116.png', 15.0, 11163.0),
(2573401, 'Tyler', 'Higbee', 31.0, 78.0, 255.0, 'questionable', 9.0, 'https://a.espncdn.com/i/headshots/nfl/players/full/2573401.png', 89.0, 10854.0),
(2977187, 'Cooper', 'Kupp', 31.0, 74.0, 207.0, NULL, 8.0, 'https://a.espncdn.com/i/headshots/nfl/players/full/2977187.png', 10.0, 11863.0),
(4429096, 'Blake', 'Corum', 23.0, 68.0, 210.0, NULL, 0.0, 'https://a.espncdn.com/i/headshots/college-football/players/full/4429096.png', 22.0, 17690.0),
(3116406, 'Tyreek', 'Hill', 30.0, 70.0, 191.0, NULL, 9.0, 'https://a.espncdn.com/i/headshots/nfl/players/full/3116406.png', 10.0, 11222.0),
(4372016, 'Jaylen', 'Waddle', 25.0, 70.0, 185.0, NULL, 4.0, 'https://a.espncdn.com/i/headshots/nfl/players/full/4372016.png', 17.0, 15404.0),
(3052897, 'Durham', 'Smythe', 28.0, 78.0, 246.0, NULL, 7.0, 'https://a.espncdn.com/i/headshots/nfl/players/full/3052897.png', 81.0, 12807.0),
(3124679, 'Jason', 'Sanders', 28.0, 71.0, 195.0, NULL, 7.0, 'https://a.espncdn.com/i/headshots/nfl/players/full/3124679.png', 7.0, 13007.0),
(4241479, 'Tua', 'Tagovailoa', 26.0, 73.0, 227.0, NULL, 5.0, 'https://a.espncdn.com/i/headshots/nfl/players/full/4241479.png', 1.0, 14465.0),
(2576414, 'Raheem', 'Mostert', 32.0, 70.0, 205.0, NULL, 10.0, 'https://a.espncdn.com/i/headshots/nfl/players/full/2576414.png', 31.0, 10604.0),
(3054212, 'Jonnu', 'Smith', 28.0, 75.0, 248.0, NULL, 8.0, 'https://a.espncdn.com/i/headshots/nfl/players/full/3054212.png', 9.0, 11807.0),
(4429160, 'De''Von', 'Achane', 22.0, 69.0, 188.0, NULL, 2.0, 'https://a.espncdn.com/i/headshots/nfl/players/full/4429160.png', 28.0, 16661.0),
(4682745, 'Jaylen', 'Wright', 21.0, 70.0, 210.0, NULL, 0.0, 'https://a.espncdn.com/i/headshots/college-football/players/full/4682745.png', 25.0, 17800.0),
(4036133, 'T.J.', 'Hockenson', 26.0, 77.0, 248.0, 'questionable', 6.0, 'https://a.espncdn.com/i/headshots/nfl/players/full/4036133.png', 87.0, 13610.0),
(4433970, 'J.J.', 'McCarthy', 21.0, 75.0, 219.0, NULL, 0.0, 'https://a.espncdn.com/i/headshots/college-football/players/full/4433970.png', 9.0, 17689.0),
(4262921, 'Justin', 'Jefferson', 25.0, 73.0, 195.0, NULL, 5.0, 'https://a.espncdn.com/i/headshots/nfl/players/full/4262921.png', 18.0, 14509.0),
(3042519, 'Aaron', 'Jones', 29.0, 69.0, 208.0, NULL, 8.0, 'https://a.espncdn.com/i/headshots/nfl/players/full/3042519.png', 33.0, 11763.0),
(3052096, 'Johnny', 'Mundt', 29.0, 76.0, 233.0, NULL, 7.0, 'https://a.espncdn.com/i/headshots/nfl/players/full/3052096.png', 86.0, 12316.0),
(4242431, 'Ty', 'Chandler', 26.0, 71.0, 204.0, NULL, 3.0, 'https://a.espncdn.com/i/headshots/nfl/players/full/4242431.png', 32.0, 15979.0),
(4429205, 'Jordan', 'Addison', 22.0, 71.0, 175.0, NULL, 2.0, 'https://a.espncdn.com/i/headshots/nfl/players/full/4429205.png', 3.0, 16895.0),
(2975674, 'Robert', 'Tonyan', 30.0, 77.0, 240.0, NULL, 7.0, 'https://a.espncdn.com/i/headshots/nfl/players/full/2975674.png', 85.0, 12389.0),
(3921690, 'Josh', 'Oliver', 27.0, 77.0, 259.0, NULL, 6.0, 'https://a.espncdn.com/i/headshots/nfl/players/full/3921690.png', 84.0, 13786.0),
(3912547, 'Sam', 'Darnold', 27.0, 75.0, 225.0, NULL, 7.0, 'https://a.espncdn.com/i/headshots/nfl/players/full/3912547.png', 14.0, 12490.0),
(4569173, 'Rhamondre', 'Stevenson', 26.0, 72.0, 227.0, NULL, 4.0, 'https://a.espncdn.com/i/headshots/nfl/players/full/4569173.png', 38.0, 15372.0),
(3120348, 'JuJu', 'Smith-Schuster', 27.0, 73.0, 215.0, NULL, 8.0, 'https://a.espncdn.com/i/headshots/nfl/players/full/3120348.png', 7.0, 11877.0),
(4429262, 'Jaheim', 'Bell', 23.0, 74.0, 241.0, NULL, 0.0, 'https://a.espncdn.com/i/headshots/college-football/players/full/4429262.png', 88.0, 17848.0),
(3046439, 'Hunter', 'Henry', 29.0, 77.0, 249.0, NULL, 9.0, 'https://a.espncdn.com/i/headshots/nfl/players/full/3046439.png', 85.0, 10735.0),
(3916566, 'K.J.', 'Osborn', 27.0, 72.0, 200.0, NULL, 5.0, 'https://a.espncdn.com/i/headshots/nfl/players/full/3916566.png', 2.0, 14641.0),
(4427095, 'DeMario', 'Douglas', 23.0, 68.0, 192.0, NULL, 2.0, 'https://a.espncdn.com/i/headshots/nfl/players/full/4427095.png', 3.0, 16751.0),
(3043275, 'Austin', 'Hooper', 29.0, 76.0, 254.0, NULL, 9.0, 'https://a.espncdn.com/i/headshots/nfl/players/full/3043275.png', 81.0, 10748.0),
(4692022, 'Javon', 'Baker', 22.0, 73.0, 202.0, NULL, 0.0, 'https://a.espncdn.com/i/headshots/college-football/players/full/4692022.png', 6.0, 17787.0),
(4431452, 'Drake', 'Maye', 21.0, 76.0, 225.0, NULL, 0.0, 'https://a.espncdn.com/i/headshots/college-football/players/full/4431452.png', 10.0, 17673.0),
(3045523, 'Kendrick', 'Bourne', 28.0, 73.0, 205.0, 'questionable', 8.0, 'https://a.espncdn.com/i/headshots/nfl/players/full/3045523.png', 84.0, 11847.0),
(4570674, 'Kevin', 'Harris', 23.0, 70.0, 225.0, NULL, 2.0, 'https://a.espncdn.com/i/headshots/nfl/players/full/4570674.png', 36.0, 15991.0),
(4360294, 'Antonio', 'Gibson', 25.0, 72.0, 228.0, NULL, 5.0, 'https://a.espncdn.com/i/headshots/nfl/players/full/4360294.png', 21.0, 14639.0),
(4430637, 'Ja''Lynn', 'Polk', 22.0, 73.0, 203.0, NULL, 0.0, 'https://a.espncdn.com/i/headshots/college-football/players/full/4430637.png', 1.0, 17684.0),
(2980453, 'Jamaal', 'Williams', 29.0, 72.0, 224.0, NULL, 8.0, 'https://a.espncdn.com/i/headshots/nfl/players/full/2980453.png', 21.0, 11777.0),
(3929645, 'Juwan', 'Johnson', 27.0, 76.0, 231.0, 'questionable', 5.0, 'https://a.espncdn.com/i/headshots/nfl/players/full/3929645.png', 83.0, 14630.0),
(16757, 'Derek', 'Carr', 33.0, 75.0, 215.0, NULL, 11.0, 'https://a.espncdn.com/i/headshots/nfl/players/full/16757.png', 4.0, 9317.0),
(4362019, 'A.T.', 'Perry', 24.0, 77.0, 205.0, NULL, 2.0, 'https://a.espncdn.com/i/headshots/nfl/players/full/4362019.png', 17.0, 16802.0),
(4599739, 'Kendre', 'Miller', 22.0, 72.0, 205.0, NULL, 2.0, 'https://a.espncdn.com/i/headshots/nfl/players/full/4599739.png', 25.0, 16898.0),
(3843945, 'Foster', 'Moreau', 27.0, 76.0, 250.0, NULL, 6.0, 'https://a.espncdn.com/i/headshots/nfl/players/full/3843945.png', 87.0, 13822.0),
(4032473, 'Rashid', 'Shaheed', 25.0, 72.0, 180.0, NULL, 3.0, 'https://a.espncdn.com/i/headshots/nfl/players/full/4032473.png', 22.0, 16560.0),
(4361370, 'Chris', 'Olave', 23.0, 72.0, 187.0, 'questionable', 3.0, 'https://a.espncdn.com/i/headshots/nfl/players/full/4361370.png', 12.0, 15895.0),
(4427985, 'Bub', 'Means', 23.0, 74.0, 215.0, NULL, 0.0, 'https://a.espncdn.com/i/headshots/college-football/players/full/4427985.png', 16.0, 17942.0),
(3054850, 'Alvin', 'Kamara', 28.0, 70.0, 215.0, NULL, 8.0, 'https://a.espncdn.com/i/headshots/nfl/players/full/3054850.png', 41.0, 11732.0),
(4259619, 'Blake', 'Grupe', 25.0, 67.0, 156.0, NULL, 2.0, 'https://a.espncdn.com/i/headshots/nfl/players/full/4259619.png', 19.0, 17595.0),
(2468609, 'Taysom', 'Hill', 33.0, 74.0, 221.0, NULL, 8.0, 'https://a.espncdn.com/i/headshots/nfl/players/full/2468609.png', 7.0, 12063.0),
(4595348, 'Malik', 'Nabers', 20.0, 72.0, 200.0, NULL, 0.0, 'https://a.espncdn.com/i/headshots/college-football/players/full/4595348.png', 9.0, 17704.0),
(4429148, 'Theo', 'Johnson', 23.0, 78.0, 264.0, NULL, 0.0, 'https://a.espncdn.com/i/headshots/college-football/players/full/4429148.png', 47.0, 17021.0),
(4040761, 'Devin', 'Singletary', 26.0, 67.0, 203.0, NULL, 6.0, 'https://a.espncdn.com/i/headshots/nfl/players/full/4040761.png', 26.0, 13449.0),
(4692590, 'Jalin', 'Hyatt', 22.0, 72.0, 185.0, NULL, 2.0, 'https://a.espncdn.com/i/headshots/nfl/players/full/4692590.png', 13.0, 16714.0),
(4569587, 'Wan''Dale', 'Robinson', 23.0, 68.0, 185.0, NULL, 3.0, 'https://a.espncdn.com/i/headshots/nfl/players/full/4569587.png', 17.0, 15838.0),
(4361516, 'Daniel', 'Bellinger', 23.0, 78.0, 255.0, 'questionable', 3.0, 'https://a.espncdn.com/i/headshots/nfl/players/full/4361516.png', 82.0, 16036.0),
(3916945, 'Darius', 'Slayton', 27.0, 73.0, 198.0, 'questionable', 6.0, 'https://a.espncdn.com/i/headshots/nfl/players/full/3916945.png', 86.0, 13522.0),
(12460, 'Graham', 'Gano', 37.0, 74.0, 202.0, NULL, 15.0, 'https://a.espncdn.com/i/headshots/nfl/players/full/12460.png', 9.0, 6045.0),
(3917792, 'Daniel', 'Jones', 27.0, 77.0, 230.0, 'questionable', 6.0, 'https://a.espncdn.com/i/headshots/nfl/players/full/3917792.png', 8.0, 13491.0),
(4242540, 'Isaiah', 'Hodgins', 25.0, 75.0, 200.0, NULL, 4.0, 'https://a.espncdn.com/i/headshots/nfl/players/full/4242540.png', 18.0, 14356.0),
(3915486, 'Tyler', 'Conklin', 28.0, 75.0, 248.0, NULL, 7.0, 'https://a.espncdn.com/i/headshots/nfl/players/full/3915486.png', 83.0, 12809.0),
(4569618, 'Garrett', 'Wilson', 23.0, 72.0, 183.0, NULL, 3.0, 'https://a.espncdn.com/i/headshots/nfl/players/full/4569618.png', 5.0, 15829.0),
(4427366, 'Breece', 'Hall', 23.0, 73.0, 220.0, 'questionable', 3.0, 'https://a.espncdn.com/i/headshots/nfl/players/full/4427366.png', 20.0, 15810.0),
(3128390, 'Allen', 'Lazard', 28.0, 77.0, 227.0, NULL, 6.0, 'https://a.espncdn.com/i/headshots/nfl/players/full/3128390.png', 10.0, 12628.0),
(4685247, 'Braelon', 'Allen', 20.0, 73.0, 235.0, NULL, 0.0, 'https://a.espncdn.com/i/headshots/college-football/players/full/4685247.png', 0.0, 17702.0),
(3045138, 'Mike', 'Williams', 29.0, 76.0, 218.0, 'questionable', 8.0, 'https://a.espncdn.com/i/headshots/nfl/players/full/3045138.png', 18.0, 11885.0),
(4361372, 'Jeremy', 'Ruckert', 23.0, 77.0, 250.0, NULL, 3.0, 'https://a.espncdn.com/i/headshots/nfl/players/full/4361372.png', 89.0, 15996.0),
(4429202, 'Israel', 'Abanikanda', 21.0, 70.0, 216.0, NULL, 2.0, 'https://a.espncdn.com/i/headshots/nfl/players/full/4429202.png', 25.0, 16735.0),
(14993, 'Greg', 'Zuerlein', 36.0, 72.0, 195.0, NULL, 13.0, 'https://a.espncdn.com/i/headshots/nfl/players/full/14993.png', 9.0, 8179.0),
(4613104, 'Malachi', 'Corley', 22.0, 71.0, 215.0, NULL, 0.0, 'https://a.espncdn.com/i/headshots/college-football/players/full/4613104.png', 17.0, 17777.0),
(8439, 'Aaron', 'Rodgers', 40.0, 74.0, 223.0, 'questionable', 20.0, 'https://a.espncdn.com/i/headshots/nfl/players/full/8439.png', 8.0, 4307.0),
(4362887, 'Justin', 'Fields', 25.0, 75.0, 227.0, NULL, 4.0, 'https://a.espncdn.com/i/headshots/nfl/players/full/4362887.png', 2.0, 15416.0),
(4426354, 'George', 'Pickens', 23.0, 75.0, 200.0, NULL, 3.0, 'https://a.espncdn.com/i/headshots/nfl/players/full/4426354.png', 14.0, 15853.0),
(17372, 'Chris', 'Boswell', 33.0, 74.0, 185.0, NULL, 10.0, 'https://a.espncdn.com/i/headshots/nfl/players/full/17372.png', 9.0, 9646.0),
(4569987, 'Jaylen', 'Warren', 25.0, 68.0, 215.0, NULL, 3.0, 'https://a.espncdn.com/i/headshots/nfl/players/full/4569987.png', 30.0, 15984.0),
(4361411, 'Pat', 'Freiermuth', 25.0, 77.0, 258.0, NULL, 4.0, 'https://a.espncdn.com/i/headshots/nfl/players/full/4361411.png', 88.0, 15267.0),
(4431492, 'Roman', 'Wilson', 23.0, 70.0, 186.0, NULL, 0.0, 'https://a.espncdn.com/i/headshots/college-football/players/full/4431492.png', 10.0, 17043.0),
(15807, 'Cordarrelle', 'Patterson', 33.0, 74.0, 220.0, NULL, 12.0, 'https://a.espncdn.com/i/headshots/nfl/players/full/15807.png', 84.0, 8792.0),
(14881, 'Russell', 'Wilson', 35.0, 71.0, 206.0, NULL, 13.0, 'https://a.espncdn.com/i/headshots/nfl/players/full/14881.png', 3.0, 8043.0),
(4241457, 'Najee', 'Harris', 26.0, 73.0, 242.0, NULL, 4.0, 'https://a.espncdn.com/i/headshots/nfl/players/full/4241457.png', 22.0, 15468.0),
(4050373, 'Quez', 'Watkins', 26.0, 72.0, 193.0, NULL, 5.0, 'https://a.espncdn.com/i/headshots/nfl/players/full/4050373.png', 16.0, 14464.0),
(4040715, 'Jalen', 'Hurts', 25.0, 73.0, 223.0, NULL, 5.0, 'https://a.espncdn.com/i/headshots/nfl/players/full/4040715.png', 1.0, 14416.0),
(4428532, 'Ainias', 'Smith', 23.0, 69.0, 176.0, NULL, 0.0, 'https://a.espncdn.com/i/headshots/college-football/players/full/4428532.png', 82.0, 17015.0),
(3050478, 'Jake', 'Elliott', 29.0, 69.0, 167.0, NULL, 8.0, 'https://a.espncdn.com/i/headshots/nfl/players/full/3050478.png', 4.0, 12203.0),
(4241478, 'DeVonta', 'Smith', 25.0, 72.0, 170.0, NULL, 4.0, 'https://a.espncdn.com/i/headshots/nfl/players/full/4241478.png', 6.0, 15406.0),
(3929630, 'Saquon', 'Barkley', 27.0, 72.0, 233.0, NULL, 7.0, 'https://a.espncdn.com/i/headshots/nfl/players/full/3929630.png', 26.0, 12507.0),
(3121023, 'Dallas', 'Goedert', 29.0, 77.0, 256.0, NULL, 7.0, 'https://a.espncdn.com/i/headshots/nfl/players/full/3121023.png', 88.0, 12860.0),
(4686104, 'Johnny', 'Wilson', 23.0, 78.0, 228.0, NULL, 0.0, 'https://a.espncdn.com/i/headshots/college-football/players/full/4686104.png', 89.0, 17011.0),
(4371733, 'Kenneth', 'Gainwell', 25.0, 69.0, 200.0, NULL, 4.0, 'https://a.espncdn.com/i/headshots/nfl/players/full/4371733.png', 14.0, 15222.0),
(4047646, 'A.J.', 'Brown', 26.0, 73.0, 226.0, NULL, 6.0, 'https://a.espncdn.com/i/headshots/nfl/players/full/4047646.png', 11.0, 13432.0),
(3886598, 'Jauan', 'Jennings', 26.0, 75.0, 212.0, NULL, 4.0, 'https://a.espncdn.com/i/headshots/nfl/players/full/3886598.png', 15.0, 14376.0),
(3117251, 'Christian', 'McCaffrey', 28.0, 71.0, 210.0, NULL, 8.0, 'https://a.espncdn.com/i/headshots/nfl/players/full/3117251.png', 23.0, 11690.0),
(4575665, 'Jacob', 'Cowing', 23.0, 69.0, 171.0, NULL, 0.0, 'https://a.espncdn.com/i/headshots/college-football/players/full/4575665.png', 83.0, 17008.0),
(4241555, 'Elijah', 'Mitchell', 26.0, 70.0, 200.0, NULL, 4.0, 'https://a.espncdn.com/i/headshots/nfl/players/full/4241555.png', 25.0, 15379.0),
(4360569, 'Jordan', 'Mason', 25.0, 71.0, 223.0, NULL, 3.0, 'https://a.espncdn.com/i/headshots/nfl/players/full/4360569.png', 24.0, 16163.0),
(4360438, 'Brandon', 'Aiyuk', 26.0, 72.0, 200.0, NULL, 5.0, 'https://a.espncdn.com/i/headshots/nfl/players/full/4360438.png', 11.0, 14386.0),
(16813, 'Logan', 'Thomas', 32.0, 78.0, 250.0, NULL, 10.0, 'https://a.espncdn.com/i/headshots/nfl/players/full/16813.png', NULL, 9323.0),
(4361741, 'Brock', 'Purdy', 24.0, 73.0, 220.0, NULL, 3.0, 'https://a.espncdn.com/i/headshots/nfl/players/full/4361741.png', 13.0, 15834.0),
(3040151, 'George', 'Kittle', 30.0, 76.0, 250.0, 'questionable', 8.0, 'https://a.espncdn.com/i/headshots/nfl/players/full/3040151.png', 85.0, 11892.0),
(4428209, 'Ricky', 'Pearsall', 23.0, 73.0, 190.0, NULL, 0.0, 'https://a.espncdn.com/i/headshots/college-football/players/full/4428209.png', 14.0, 17761.0),
(4372066, 'Jake', 'Moody', 24.0, 73.0, 210.0, NULL, 2.0, 'https://a.espncdn.com/i/headshots/nfl/players/full/4372066.png', 4.0, 17133.0),
(4036131, 'Noah', 'Fant', 26.0, 76.0, 249.0, NULL, 6.0, 'https://a.espncdn.com/i/headshots/nfl/players/full/4036131.png', 87.0, 13426.0),
(4426875, 'Sam', 'Howell', 23.0, 73.0, 220.0, NULL, 3.0, 'https://a.espncdn.com/i/headshots/nfl/players/full/4426875.png', 6.0, 15825.0),
(15864, 'Geno', 'Smith', 33.0, 75.0, 221.0, NULL, 12.0, 'https://a.espncdn.com/i/headshots/nfl/players/full/15864.png', 7.0, 8743.0),
(4047650, 'DK', 'Metcalf', 26.0, 76.0, 235.0, NULL, 6.0, 'https://a.espncdn.com/i/headshots/nfl/players/full/4047650.png', 14.0, 13424.0),
(2473037, 'Jason', 'Myers', 33.0, 70.0, 190.0, NULL, 10.0, 'https://a.espncdn.com/i/headshots/nfl/players/full/2473037.png', 5.0, 10157.0),
(4576297, 'AJ', 'Barner', 22.0, 78.0, 251.0, NULL, 0.0, 'https://a.espncdn.com/i/headshots/college-football/players/full/4576297.png', 88.0, 17811.0),
(2971281, 'Pharaoh', 'Brown', 30.0, 77.0, 246.0, NULL, 7.0, 'https://a.espncdn.com/i/headshots/nfl/players/full/2971281.png', 86.0, 11887.0),
(4426385, 'Zach', 'Charbonnet', 23.0, 73.0, 214.0, NULL, 2.0, 'https://a.espncdn.com/i/headshots/nfl/players/full/4426385.png', 26.0, 16897.0),
(4430878, 'Jaxon', 'Smith-Njigba', 22.0, 72.0, 197.0, 'questionable', 2.0, 'https://a.espncdn.com/i/headshots/nfl/players/full/4430878.png', 11.0, 16654.0),
(4360405, 'Jake', 'Bobo', 25.0, 76.0, 207.0, NULL, 2.0, 'https://a.espncdn.com/i/headshots/nfl/players/full/4360405.png', 19.0, 17040.0),
(2577327, 'Tyler', 'Lockett', 31.0, 70.0, 182.0, NULL, 10.0, 'https://a.espncdn.com/i/headshots/nfl/players/full/2577327.png', 16.0, 10161.0),
(3116165, 'Chris', 'Godwin', 28.0, 73.0, 209.0, NULL, 8.0, 'https://a.espncdn.com/i/headshots/nfl/players/full/3116165.png', 14.0, 11718.0),
(3119195, 'Chase', 'Edmonds', 28.0, 69.0, 201.0, NULL, 7.0, 'https://a.espncdn.com/i/headshots/nfl/players/full/3119195.png', 22.0, 12667.0),
(4697815, 'Rachaad', 'White', 25.0, 72.0, 214.0, NULL, 3.0, 'https://a.espncdn.com/i/headshots/nfl/players/full/4697815.png', 1.0, 15802.0),
(3150744, 'Chase', 'McLaughlin', 28.0, 72.0, 190.0, NULL, 6.0, 'https://a.espncdn.com/i/headshots/nfl/players/full/3150744.png', 4.0, 14254.0),
(4426407, 'Trey', 'Palmer', 23.0, 73.0, 190.0, NULL, 2.0, 'https://a.espncdn.com/i/headshots/nfl/players/full/4426407.png', 10.0, 16936.0),
(3052587, 'Baker', 'Mayfield', 29.0, 73.0, 215.0, NULL, 7.0, 'https://a.espncdn.com/i/headshots/nfl/players/full/3052587.png', 6.0, 12619.0),
(4243331, 'Cade', 'Otton', 25.0, 77.0, 247.0, NULL, 3.0, 'https://a.espncdn.com/i/headshots/nfl/players/full/4243331.png', 88.0, 16032.0),
(16737, 'Mike', 'Evans', 30.0, 77.0, 231.0, NULL, 11.0, 'https://a.espncdn.com/i/headshots/nfl/players/full/16737.png', 13.0, 9253.0),
(4596448, 'Bucky', 'Irving', 21.0, 70.0, 195.0, NULL, 0.0, 'https://a.espncdn.com/i/headshots/college-football/players/full/4596448.png', 7.0, 17784.0),
(4567156, 'Treylon', 'Burks', 24.0, 74.0, 225.0, NULL, 3.0, 'https://a.espncdn.com/i/headshots/nfl/players/full/4567156.png', 16.0, 15896.0),
(15795, 'DeAndre', 'Hopkins', 32.0, 73.0, 212.0, NULL, 11.0, 'https://a.espncdn.com/i/headshots/nfl/players/full/15795.png', 10.0, 8619.0),
(4360635, 'Chigoziem', 'Okonkwo', 24.0, 75.0, 238.0, NULL, 3.0, 'https://a.espncdn.com/i/headshots/nfl/players/full/4360635.png', 85.0, 16042.0),
(3045144, 'Tyler', 'Boyd', 29.0, 74.0, 203.0, NULL, 9.0, 'https://a.espncdn.com/i/headshots/nfl/players/full/3045144.png', 83.0, 10822.0),
(4427575, 'Jha''Quan', 'Jackson', 24.0, 69.0, 188.0, NULL, 0.0, 'https://a.espncdn.com/i/headshots/college-football/players/full/4427575.png', 19.0, 17972.0),
(3925357, 'Calvin', 'Ridley', 29.0, 73.0, 190.0, NULL, 6.0, 'https://a.espncdn.com/i/headshots/nfl/players/full/3925357.png', 0.0, 12616.0),
(10621, 'Nick', 'Folk', 39.0, 73.0, 225.0, NULL, 17.0, 'https://a.espncdn.com/i/headshots/nfl/players/full/10621.png', 6.0, 5365.0),
(4428557, 'Tyjae', 'Spears', 23.0, 71.0, 195.0, NULL, 2.0, 'https://a.espncdn.com/i/headshots/nfl/players/full/4428557.png', 2.0, 16941.0),
(3929785, 'Nick', 'Westbrook-Ikhine', 27.0, 74.0, 211.0, NULL, 5.0, 'https://a.espncdn.com/i/headshots/nfl/players/full/3929785.png', 15.0, 14750.0),
(3916148, 'Tony', 'Pollard', 27.0, 72.0, 215.0, NULL, 6.0, 'https://a.espncdn.com/i/headshots/nfl/players/full/3916148.png', 20.0, 13590.0),
(4361418, 'Will', 'Levis', 24.0, 76.0, 229.0, NULL, 2.0, 'https://a.espncdn.com/i/headshots/nfl/players/full/4361418.png', 8.0, 16665.0),
(4361438, 'Cole', 'Turner', 24.0, 78.0, 240.0, NULL, 3.0, 'https://a.espncdn.com/i/headshots/nfl/players/full/4361438.png', 85.0, 15923.0),
(4690923, 'Ben', 'Sinnott', 22.0, 76.0, 247.0, NULL, 0.0, 'https://a.espncdn.com/i/headshots/college-football/players/full/4690923.png', 82.0, 17833.0),
(15835, 'Zach', 'Ertz', 33.0, 77.0, 250.0, NULL, 12.0, 'https://a.espncdn.com/i/headshots/nfl/players/full/15835.png', 86.0, 8781.0),
(4361409, 'Jahan', 'Dotson', 24.0, 71.0, 182.0, NULL, 3.0, 'https://a.espncdn.com/i/headshots/nfl/players/full/4361409.png', 1.0, 15850.0),
(4426948, 'Luke', 'McCaffrey', 23.0, 74.0, 198.0, NULL, 0.0, 'https://a.espncdn.com/i/headshots/college-football/players/full/4426948.png', 12.0, 17820.0),
(3121422, 'Terry', 'McLaurin', 28.0, 72.0, 210.0, NULL, 6.0, 'https://a.espncdn.com/i/headshots/nfl/players/full/3121422.png', 17.0, 13536.0),
(4426348, 'Jayden', 'Daniels', 23.0, 76.0, 210.0, NULL, 0.0, 'https://a.espncdn.com/i/headshots/college-football/players/full/4426348.png', 5.0, 17692.0),
(3068267, 'Austin', 'Ekeler', 29.0, 69.0, 200.0, NULL, 8.0, 'https://a.espncdn.com/i/headshots/nfl/players/full/3068267.png', 30.0, 12401.0),
(1, 'Arizona', 'Cardinals', NULL, NULL, NULL, NULL, NULL, NULL, NULL, NULL),
(2, 'Atlanta', 'Falcons', NULL, NULL, NULL, NULL, NULL, NULL, NULL, NULL),
(3, 'Baltimore', 'Ravens', NULL, NULL, NULL, NULL, NULL, NULL, NULL, NULL),
(4, 'Buffalo', 'Bills', NULL, NULL, NULL, NULL, NULL, NULL, NULL, NULL),
(5, 'Carolina', 'Panthers', NULL, NULL, NULL, NULL, NULL, NULL, NULL, NULL),
(6, 'Chicago', 'Bears', NULL, NULL, NULL, NULL, NULL, NULL, NULL, NULL),
(7, 'Cincinnati', 'Bengals', NULL, NULL, NULL, NULL, NULL, NULL, NULL, NULL),
(8, 'Cleveland', 'Browns', NULL, NULL, NULL, NULL, NULL, NULL, NULL, NULL),
(9, 'Dallas', 'Cowboys', NULL, NULL, NULL, NULL, NULL, NULL, NULL, NULL),
(10, 'Denver', 'Broncos', NULL, NULL, NULL, NULL, NULL, NULL, NULL, NULL),
(11, 'Detroit', 'Lions', NULL, NULL, NULL, NULL, NULL, NULL, NULL, NULL),
(12, 'Green Bay', 'Packers', NULL, NULL, NULL, NULL, NULL, NULL, NULL, NULL),
(13, 'Houston', 'Texans', NULL, NULL, NULL, NULL, NULL, NULL, NULL, NULL),
(14, 'Indianapolis', 'Colts', NULL, NULL, NULL, NULL, NULL, NULL, NULL, NULL),
(15, 'Jacksonville', 'Jaguars', NULL, NULL, NULL, NULL, NULL, NULL, NULL, NULL),
(16, 'Kansas City', 'Chiefs', NULL, NULL, NULL, NULL, NULL, NULL, NULL, NULL),
(17, 'Las Vegas', 'Raiders', NULL, NULL, NULL, NULL, NULL, NULL, NULL, NULL),
(18, 'Los Angeles', 'Chargers', NULL, NULL, NULL, NULL, NULL, NULL, NULL, NULL),
(19, 'Los Angeles', 'Rams', NULL, NULL, NULL, NULL, NULL, NULL, NULL, NULL),
(20, 'Miami', 'Dolphins', NULL, NULL, NULL, NULL, NULL, NULL, NULL, NULL),
(21, 'Minnesota', 'Vikings', NULL, NULL, NULL, NULL, NULL, NULL, NULL, NULL),
(22, 'New England', 'Patriots', NULL, NULL, NULL, NULL, NULL, NULL, NULL, NULL),
(23, 'New Orleans', 'Saints', NULL, NULL, NULL, NULL, NULL, NULL, NULL, NULL),
(24, 'New York', 'Giants', NULL, NULL, NULL, NULL, NULL, NULL, NULL, NULL),
(25, 'New York', 'Jets', NULL, NULL, NULL, NULL, NULL, NULL, NULL, NULL),
(26, 'Pittsburgh', 'Steelers', NULL, NULL, NULL, NULL, NULL, NULL, NULL, NULL),
(27, 'Philadelphia', 'Eagles', NULL, NULL, NULL, NULL, NULL, NULL, NULL, NULL),
(28, 'San Francisco', '49ers', NULL, NULL, NULL, NULL, NULL, NULL, NULL, NULL),
(29, 'Seattle', 'Seahawks', NULL, NULL, NULL, NULL, NULL, NULL, NULL, NULL),
(30, 'Tampa Bay', 'Buccaneers', NULL, NULL, NULL, NULL, NULL, NULL, NULL, NULL),
(31, 'Tennessee', 'Titans', NULL, NULL, NULL, NULL, NULL, NULL, NULL, NULL),
(32, 'Washington', 'Commanders', NULL, NULL, NULL, NULL, NULL, NULL, NULL, NULL);

INSERT INTO nfl_player (standard_adp, ppr_adp, half_ppr_adp, is_quarterback, is_running_back, is_wide_receiver, is_tight_end, is_kicker, is_team_defense, player_id, team_id) VALUES
(1, 1, 1, False, True, False, False, False, False, 3117251, 28),
(2, 2, 2, False, False, True, False, False, False, 4241389, 9),
(3, 3, 3, False, False, True, False, False, False, 3116406, 20),
(4, 4, 4, False, False, True, False, False, False, 4362628, 7),
(5, 5, 5, False, False, True, False, False, False, 4262921, 21),
(6, 6, 6, False, True, False, False, False, False, 4427366, 25),
(7, 7, 7, False, True, False, False, False, False, 4430807, 2),
(8, 8, 8, False, False, True, False, False, False, 4047646, 27),
(9, 12, 11, False, True, False, False, False, False, 4242335, 14),
(10, 10, 9, False, False, True, False, False, False, 4426515, 19),
(11, 9, 10, False, False, True, False, False, False, 4569618, 25),
(12, 13, 13, False, True, False, False, False, False, 3929630, 27),
(13, 11, 12, False, True, False, False, False, False, 4429795, 11),
(14, 17, 15, False, False, True, False, False, False, 4360438, 28),
(15, 26, 17, False, True, False, False, False, False, 4430737, 19),
(16, 16, 16, True, False, False, False, False, False, 3918298, 4),
(17, 36, 19, False, True, False, False, False, False, 3043078, 3),
(18, 20, 21, False, False, True, False, False, False, 16737, 30),
(19, 15, 18, False, False, True, False, False, False, 4361370, 23),
(20, 14, 14, False, False, True, False, False, False, 16800, 17),
(21, 19, 22, True, False, False, False, False, False, 4040715, 27),
(22, 21, 25, False, False, True, False, False, False, 3915416, 6),
(23, 28, 29, False, False, True, False, False, False, 4047650, 29),
(24, 25, 26, False, False, True, False, False, False, 4258173, 13),
(25, 24, 24, False, False, False, True, False, False, 4430027, 11),
(26, 18, 20, False, False, True, False, False, False, 4426502, 2),
(27, 27, 31, True, False, False, False, False, False, 3916387, 3),
(28, 23, 23, False, False, False, True, False, False, 15847, 16),
(29, 22, 27, False, False, True, False, False, False, 4372016, 20),
(30, 32, 28, False, True, False, False, False, False, 4361529, 16),
(31, 37, 33, False, True, False, False, False, False, 4047365, 12),
(32, 34, 30, False, True, False, False, False, False, 4429160, 20),
(33, 35, 37, False, False, True, False, False, False, 2976499, 8),
(34, 30, 34, False, False, True, False, False, False, 4241478, 27),
(35, 29, 35, False, False, True, False, False, False, 2977187, 19),
(36, 45, 41, False, False, True, False, False, False, 4239993, 7),
(37, 44, 38, False, True, False, False, False, False, 3116385, 13),
(38, 31, 32, False, True, False, False, False, False, 4697815, 30),
(39, 39, 36, False, True, False, False, False, False, 4379399, 4),
(40, 40, 40, True, False, False, False, False, False, 4432577, 13),
(41, 54, 43, False, False, False, True, False, False, 3116365, 3),
(42, 52, 49, False, False, True, False, False, False, 4366031, 13),
(43, 50, 48, False, False, True, False, False, False, 4426354, 26),
(44, 33, 39, False, False, True, False, False, False, 2976212, 13),
(45, 46, 42, True, False, False, False, False, False, 4429084, 14),
(46, 62, 52, False, True, False, False, False, False, 4035538, 11),
(47, 43, 46, False, False, True, False, False, False, 4595348, 24),
(48, 51, 53, True, False, False, False, False, False, 3915511, 7),
(49, 53, 56, True, False, False, False, False, False, 2577417, 9),
(50, 42, 45, False, False, True, False, False, False, 4429615, 3),
(51, 56, 57, True, False, False, False, False, False, 3917315, 1),
(52, 48, 47, False, False, False, True, False, False, 4361307, 1),
(53, 67, 65, False, False, True, False, False, False, 4362249, 12),
(54, 38, 44, False, True, False, False, False, False, 3054850, 23),
(55, 55, 51, False, True, False, False, False, False, 3042519, 21),
(56, 61, 61, False, False, True, False, False, False, 3925357, 31),
(57, 63, 59, False, True, False, False, False, False, 3045147, 1),
(58, 47, 50, False, False, True, False, False, False, 3895856, 15),
(59, 59, 64, True, False, False, False, False, False, 4036378, 12),
(60, 49, 55, False, False, True, False, False, False, 3121422, 32),
(61, 73, 63, False, True, False, False, False, False, 4241457, 26),
(62, 58, 58, False, True, False, False, False, False, 4569173, 22),
(63, 78, 69, False, False, False, True, False, False, 3040151, 28),
(64, 69, 62, False, True, False, False, False, False, 4361777, 17),
(65, 82, 67, False, True, False, False, False, False, 2576414, 20),
(66, 41, 54, False, False, True, False, False, False, 15818, 6),
(67, 66, 71, True, False, False, False, False, False, 4361741, 28),
(68, 64, 66, False, True, False, False, False, False, 4259545, 6),
(69, 80, 72, False, False, False, True, False, False, 4360248, 2),
(70, 70, 70, False, False, True, False, False, False, 15795, 31),
(71, 76, 73, False, True, False, False, False, False, 3916148, 31),
(72, 97, 87, False, False, True, False, False, False, 4248528, 12),
(73, 68, 74, False, False, True, False, False, False, 3932905, 5),
(74, 60, 60, False, False, False, True, False, False, 4385690, 4),
(75, 71, 75, False, False, True, False, False, False, 4428331, 16),
(76, 77, 81, True, False, False, False, False, False, 4241479, 20),
(77, 74, 76, False, False, True, False, False, False, 4429205, 21),
(78, 57, 68, False, False, True, False, False, False, 3116165, 30),
(79, 94, 80, False, True, False, False, False, False, 4035676, 7),
(80, 81, 85, True, False, False, False, False, False, 3046779, 11),
(81, 84, 82, False, False, False, True, False, False, 3123076, 8),
(82, 83, 90, True, False, False, False, False, False, 4431611, 6),
(83, 85, 88, True, False, False, False, False, False, 4426348, 32),
(84, 102, 95, False, True, False, False, False, False, 3128720, 8),
(85, 75, 79, False, True, False, False, False, False, 4361579, 10),
(86, 87, 92, True, False, False, False, False, False, 4038941, 18),
(87, 88, 83, False, False, True, False, False, False, 4683062, 16),
(88, 86, 84, False, False, False, True, False, False, 4242355, 9),
(89, 65, 78, False, False, False, True, False, False, 3051876, 15),
(90, 113, 100, False, True, False, False, False, False, 3051926, 18),
(91, 89, 94, True, False, False, False, False, False, 4360310, 15),
(92, 96, 86, False, True, False, False, False, False, 4040761, 24),
(93, 90, 91, False, False, True, False, False, False, 3128429, 10),
(94, 98, 101, True, False, False, False, False, False, 14880, 2),
(95, 72, 77, False, True, False, False, False, False, 4569987, 26),
(96, 95, 99, False, False, False, True, False, False, 3121023, 27),
(97, 99, 104, False, False, True, False, False, False, 4431299, 6),
(98, 112, 105, False, False, True, False, False, False, 4426388, 11),
(99, 103, 106, False, False, False, True, False, False, 4432665, 17),
(100, 100, 107, True, False, False, False, False, False, 12483, 19),
(101, 107, 96, False, True, False, False, False, False, 4678008, 5),
(102, 91, 93, False, True, False, False, False, False, 3068267, 32),
(103, 79, 89, False, False, True, False, False, False, 4430878, 29),
(104, 92, 97, False, True, False, False, False, False, 4428557, 31),
(105, 106, 108, False, False, False, True, False, False, 3117256, 13),
(106, 93, 98, False, False, True, False, False, False, 2577327, 29),
(107, 108, 117, True, False, False, False, False, False, 8439, 25),
(108, 109, 103, False, True, False, False, False, False, 3051392, 9),
(109, 122, 110, False, True, False, False, False, False, 4429275, 1),
(110, 114, 115, False, False, True, False, False, False, 3045138, 25),
(111, 110, 114, False, False, False, True, False, False, 4361411, 26),
(112, 115, 121, True, False, False, False, False, False, 3122840, 8),
(113, 101, 109, False, False, True, False, False, False, 3916433, 17),
(114, 117, 112, False, True, False, False, False, False, 4372019, 8),
(115, 111, 118, False, False, False, True, False, False, 4258595, 6),
(116, 105, 111, False, False, False, True, False, False, 4036133, 21),
(117, 104, 102, False, False, True, False, False, False, 4612826, 18),
(118, 116, 113, False, True, False, False, False, False, 4362238, 7),
(119, 119, 126, True, False, False, False, False, False, 3052587, 30),
(120, 118, 116, False, True, False, False, False, False, 4426385, 29),
(121, 138, 122, False, True, False, False, False, False, 4429096, 19),
(122, 121, 120, False, False, True, False, False, False, 16731, 9),
(123, 124, 124, False, False, True, False, False, False, 4361432, 12),
(124, 126, 132, True, False, False, False, False, False, 15864, 29),
(125, 129, 125, False, True, False, False, False, False, 4241416, 5),
(126, 123, 119, False, False, True, False, False, False, 4635008, 4),
(127, 137, 130, False, False, True, False, False, False, 4243537, 15),
(128, 136, 128, False, False, True, False, False, False, 4032473, 23),
(129, 120, 123, False, False, True, False, False, False, 3121427, 4),
(130, 132, 141, True, False, False, False, False, False, 4361418, 31),
(131, 130, 129, False, False, True, False, False, False, 4241463, 8),
(132, 128, 131, False, False, False, True, False, False, 4428085, 12),
(133, 141, 136, False, True, False, False, False, False, 4373626, 2),
(134, 139, 140, False, True, False, False, False, False, 4242431, 21),
(135, 134, 134, False, True, False, False, False, False, 4599739, 23),
(136, 127, 127, False, True, False, False, False, False, 4360294, 22),
(137, 131, 139, False, False, True, False, False, False, 4361409, 32),
(138, 145, 143, False, True, False, False, False, False, 4035886, 6),
(139, 140, 142, False, False, False, True, False, False, 3046439, 22),
(140, 142, 137, False, True, False, False, False, False, 4038815, 9),
(141, 133, 133, False, False, True, False, False, False, 4242433, 18),
(142, 143, 135, False, False, True, False, False, False, 4373678, 4),
(143, 125, 138, False, False, True, False, False, False, 4688813, 14),
(144, 146, 148, True, False, False, False, False, False, 16757, 23),
(145, 149, 153, False, False, False, True, False, False, 3929645, 23),
(146, 144, 144, False, True, False, False, False, False, 4722893, 10),
(147, 147, 165, False, False, False, False, False, True, 3, 3),
(148, 150, 162, True, False, False, False, False, False, 3917792, 24),
(149, 151, 149, False, True, False, False, False, False, 4426386, 6),
(150, 152, 170, False, False, False, False, False, True, 28, 28),
(151, 154, 147, False, True, False, False, False, False, 4241985, 18),
(152, 135, 145, False, False, True, False, False, False, 16460, 5),
(153, 153, 146, False, True, False, False, False, False, 4429023, 12),
(154, 211, 196, False, False, False, True, False, False, 2468609, 23),
(155, 157, 173, False, False, False, False, False, True, 9, 9),
(156, 155, 152, False, False, True, False, False, False, 4429025, 18),
(157, 148, 150, False, False, False, True, False, False, 4243331, 30),
(158, 162, 154, False, False, True, False, False, False, 4597500, 14),
(159, 159, 175, False, False, False, False, False, True, 25, 25),
(160, 179, 168, False, True, False, False, False, False, 4241555, 28),
(161, 160, 167, True, False, False, False, False, False, 4433970, 21),
(162, 163, 160, True, False, False, False, False, False, 4685720, 5),
(163, 161, 178, False, False, False, False, False, True, 8, 8),
(164, 166, 151, False, False, True, False, False, False, 4428850, 12),
(165, 164, 156, False, False, True, False, False, False, 4360761, 1),
(166, 168, 163, False, False, True, False, False, False, 4040655, 2),
(167, 169, 177, True, False, False, False, False, False, 14881, 26),
(168, 185, 180, False, True, False, False, False, False, 4360238, 13),
(169, 170, 184, False, False, False, False, False, True, 16, 16),
(170, 178, 157, False, True, False, False, False, False, 4429501, 4),
(171, 171, 185, False, False, False, False, False, True, 4, 4),
(172, 167, 164, False, False, True, False, False, False, 4360939, 3),
(173, 181, 159, False, False, True, False, False, False, 4428209, 28),
(174, 156, 155, False, False, False, True, False, False, 4360635, 31),
(175, 173, 190, False, False, False, False, False, True, 26, 26),
(176, 174, 183, False, False, False, False, True, False, 15683, 3),
(177, 175, 194, False, False, False, False, False, True, 20, 20),
(178, 180, 174, False, True, False, False, False, False, 4682745, 20),
(179, 200, 171, False, False, False, True, False, False, 4361050, 3),
(180, 165, 158, False, False, True, False, False, False, 4427095, 22),
(181, 177, 161, False, False, True, False, False, False, 4430034, 5),
(182, 182, 191, False, False, False, False, True, False, 3953687, 9),
(183, 158, 169, False, False, True, False, False, False, 4569587, 24),
(184, 184, 200, False, False, False, False, False, True, 23, 23),
(185, 183, 176, False, False, False, True, False, False, 4572680, 12),
(186, 187, 198, False, False, False, False, True, False, 3055899, 16),
(187, 172, 187, False, False, True, False, False, False, 4372414, 8),
(188, 186, 166, False, False, True, False, False, False, 4429033, 7),
(189, 189, 201, False, False, False, False, True, False, 3124679, 20),
(190, 207, 186, False, True, False, False, False, False, 4596334, 3),
(191, 190, 181, False, False, True, False, False, False, 4430637, 22),
(192, 197, 197, False, True, False, False, False, False, 4239934, 12),
(193, 194, 188, False, True, False, False, False, False, 4048244, 17),
(194, 192, 210, False, False, False, False, False, True, 27, 27),
(195, 176, 172, False, False, False, True, False, False, 3915486, 25),
(196, 188, 179, False, False, False, True, False, False, 4690923, 32),
(197, 193, 207, False, False, False, False, True, False, 3917232, 4),
(198, 195, 209, False, False, False, False, False, True, 13, 13),
(199, 222, 195, False, True, False, False, False, False, 3125116, 8),
(200, 199, 215, False, False, False, False, True, False, 3050478, 27),
(201, 201, 211, False, False, False, False, True, False, 2971573, 13),
(202, 202, 208, False, False, False, False, True, False, 4372066, 28),
(203, 191, 204, False, True, False, False, False, False, 4045163, 5),
(204, 204, 223, False, False, False, False, True, False, 3049899, 2),
(205, 196, 202, False, False, True, False, False, False, 4431492, 26),
(206, 203, 213, False, False, True, False, False, False, 4692590, 24),
(207, 205, 203, False, False, True, False, False, False, 4431280, 10),
(208, 210, 182, False, True, False, False, False, False, 4596448, 30),
(209, 208, 219, False, False, True, False, False, False, 3916945, 24),
(210, 198, 192, False, True, False, False, False, False, 4371733, 27),
(211, 209, 217, False, False, False, False, True, False, 4360234, 7),
(212, 212, 214, False, False, False, False, False, True, 6, 6),
(213, 228, 222, False, True, False, False, False, False, 4685247, 25),
(214, 216, 237, False, False, False, True, False, False, 4429086, 17),
(215, 213, 199, False, False, True, False, False, False, 3043116, 19),
(216, 206, 189, False, False, False, True, False, False, 4036131, 29),
(217, 217, 212, True, False, False, False, False, False, 4431452, 22),
(218, 215, 193, False, False, True, False, False, False, 4692022, 22),
(219, 219, 206, False, True, False, False, False, False, 4242214, 16),
(220, 221, 227, False, False, False, False, True, False, 4362081, 18),
(221, 224, 205, False, True, False, False, False, False, 4430968, 18),
(222, 234, 218, False, True, False, False, False, False, 4569682, 10),
(223, 223, 244, False, False, False, False, False, True, 21, 21),
(224, 239, 221, False, True, False, False, False, False, 4429013, 15),
(225, 226, 216, False, False, True, False, False, False, 4613104, 25),
(226, 229, 229, False, False, False, False, True, False, 4249087, 14),
(227, 225, 235, False, False, True, False, False, False, 4567156, 31),
(228, 220, 224, False, False, True, False, False, False, 3045523, 22),
(229, 230, 233, True, False, False, False, False, False, 4426338, 10),
(230, 232, 232, False, True, False, False, False, False, 2980453, 23),
(231, 214, 220, False, False, True, False, False, False, 3045144, 31),
(232, 233, 226, False, False, False, True, False, False, 3116164, 7),
(233, 218, 225, False, False, True, False, False, False, 3059722, 1),
(234, 231, 228, False, False, True, False, False, False, 4372485, 2),
(235, 237, 239, False, False, False, False, True, False, 15965, 8),
(236, 240, 234, False, True, False, False, False, False, 4038441, 3),
(237, 235, 238, True, False, False, False, False, False, 4362887, 26),
(238, 236, 230, False, False, False, False, False, True, 14, 14),
(239, 247, 241, False, False, False, True, False, False, 4241410, 14),
(240, 245, 231, False, False, True, False, False, False, 4362019, 23),
(241, 241, 240, False, False, False, False, True, False, 17427, 6),
(242, 246, 246, False, False, False, True, False, False, 3930086, 4),
(243, 243, 245, False, False, False, False, True, False, 2473037, 29),
(244, 227, 242, False, False, True, False, False, False, 4426485, 5),
(245, 238, 236, False, False, False, True, False, False, 4431588, 5),
(246, 249, 263, False, False, False, False, False, True, 10, 10),
(247, 244, 251, False, False, False, True, False, False, 3918639, 6),
(248, 251, 253, False, False, True, False, False, False, 4360078, 14),
(249, 242, 243, False, True, False, False, False, False, 3116389, 10),
(250, 250, 247, False, False, True, False, False, False, 3115306, 10),
(251, 248, 261, False, False, False, True, False, False, 2573401, 19),
(252, 254, 259, False, False, True, False, False, False, 4696882, 3),
(253, 255, 264, False, False, False, False, False, True, 15, 15),
(254, 253, 249, False, False, True, False, False, False, 4426407, 30),
(255, 256, 248, False, False, False, False, False, True, 7, 7),
(256, 252, 255, False, False, True, False, False, False, 3916566, 22),
(257, 261, 252, False, False, False, False, True, False, 3051909, 17),
(258, 260, 250, False, False, False, False, False, True, 11, 11),
(259, 257, 260, False, False, True, False, False, False, 4369863, 8),
(260, 258, 258, False, False, True, False, False, False, 4368003, 7),
(261, 259, 262, False, True, False, False, False, False, 4431453, 9),
(262, 264, 256, False, False, False, False, True, False, 4259619, 23),
(263, 263, 254, False, True, False, False, False, False, 4569609, 14),
(264, 262, 257, False, False, True, False, False, False, 4036348, 17),
(265, 269, 282, False, False, False, True, False, False, 3054212, 20),
(266, 268, 268, False, True, False, False, False, False, 4429202, 25),
(267, 270, 270, False, False, True, False, False, False, 3121409, 13),
(268, 265, 265, False, True, False, False, False, False, 4240657, 1),
(269, 267, 273, False, False, True, False, False, False, 4240600, 16),
(270, 276, 272, False, True, False, False, False, False, 4360569, 28),
(271, 266, 283, False, False, False, True, False, False, 4367209, 10),
(272, 271, 266, False, True, False, False, False, False, 3139602, 15),
(273, 279, 267, False, True, False, False, False, False, 4241401, 14),
(274, 272, 271, True, False, False, False, False, False, 3912547, 21),
(275, 274, 275, False, False, True, False, False, False, 4426948, 32),
(276, 273, 285, False, False, False, True, False, False, 15835, 32),
(277, 278, 276, False, False, True, False, False, False, 4686781, 18),
(278, 277, 280, False, False, True, False, False, False, 15880, 13),
(279, 280, 288, True, False, False, False, False, False, 4260394, 17),
(280, 275, 269, False, True, False, False, False, False, 3119195, 30),
(281, 282, 287, False, False, True, False, False, False, 4575665, 28),
(282, 281, 274, False, True, False, False, False, False, 15807, 26),
(283, 284, 284, False, False, True, False, False, False, 4565908, 6),
(284, 286, 281, False, False, False, False, False, True, 17, 17),
(285, 283, 278, False, True, False, False, False, False, 4362478, 1),
(286, 288, 279, False, True, False, False, False, False, 4243003, 19),
(287, 285, 277, False, False, False, False, True, False, 14993, 25),
(288, 291, 286, False, True, False, False, False, False, 4426891, 18),
(289, 290, 295, False, False, False, False, False, True, 22, 22),
(290, 293, 291, False, False, True, False, False, False, 4249417, 9),
(291, 292, 292, False, False, True, False, False, False, 4037235, 1),
(292, 287, 294, False, False, False, True, False, False, 4361516, 24),
(293, 289, 289, False, True, False, False, False, False, 3139925, 5),
(294, 294, 293, False, False, True, False, False, False, 4360797, 19),
(295, 296, 290, False, False, False, False, False, True, 12, 12),
(296, 298, 298, False, False, False, True, False, False, 4242557, 19),
(297, 295, 297, False, False, False, True, False, False, 4429148, 24),
(298, 297, 296, False, False, False, True, False, False, 3924365, 18),
(299, 300, 301, True, False, False, False, False, False, 4426875, 29),
(300, 301, 308, False, False, False, True, False, False, 16813, 28),
(301, 303, 309, False, False, True, False, False, False, 3128390, 25),
(302, 299, 300, False, False, True, False, False, False, 3120348, 22),
(303, 302, 302, False, False, True, False, False, False, 3051738, 4),
(304, 304, 299, False, False, True, False, False, False, 2971618, 3),
(305, 306, 305, False, False, True, False, False, False, 4428718, 17),
(306, 305, 303, False, False, True, False, False, False, 2973405, 11),
(307, 309, 304, False, False, True, False, False, False, 3886598, 28),
(308, 307, 310, False, False, False, False, True, False, 2985659, 10),
(309, 311, 306, False, False, False, True, False, False, 4240472, 16),
(310, 310, 318, False, False, True, False, False, False, 4259305, 12),
(311, 308, 317, False, False, False, True, False, False, 3050481, 7),
(312, 312, 313, False, False, False, True, False, False, 4039160, 14),
(313, 313, 312, False, False, False, False, False, True, 30, 30),
(314, 315, 315, False, False, True, False, False, False, 3118892, 16),
(315, 318, 322, False, False, False, True, False, False, 4362504, 13),
(316, 317, 311, False, False, False, False, False, True, 19, 19),
(317, 314, 316, False, False, False, True, False, False, 4361372, 25),
(318, 324, 321, False, False, False, False, True, False, 3123052, 11),
(319, 322, 307, False, False, False, False, False, True, 29, 29),
(320, 323, 332, False, False, False, False, False, True, 24, 24),
(321, 319, 319, False, False, True, False, False, False, 4686104, 27),
(322, 320, 331, False, False, False, True, False, False, 4429262, 22),
(323, 325, 328, True, False, False, False, False, False, 11252, 14),
(324, 316, 320, False, False, False, True, False, False, 3127292, 18),
(325, 321, 325, False, False, False, True, False, False, 4426496, 13),
(326, 329, 339, False, False, False, False, True, False, 3150744, 30),
(327, 331, 329, False, False, False, False, True, False, 3975763, 12),
(328, 340, 365, False, False, False, False, False, True, 32, 32),
(329, 336, 336, False, False, False, False, False, True, 5, 5),
(330, 344, 327, False, False, False, False, False, True, 2, 2),
(331, 341, 357, False, False, False, False, True, False, 12460, 24),
(332, 339, 340, False, False, False, False, False, True, 18, 18),
(333, 346, 367, False, False, False, False, False, True, 1, 1),
(334, 345, 366, False, False, False, False, False, True, 31, 31),
(335, 342, 335, False, False, False, False, True, False, 11122, 1),
(336, 326, 326, False, False, True, False, False, False, 4428532, 27),
(337, 328, 323, False, False, True, False, False, False, 4432620, 15),
(338, 330, 314, False, False, False, False, True, False, 17372, 26),
(339, 332, 330, False, False, True, False, False, False, 3931391, 7),
(340, 333, 324, False, False, False, True, False, False, 3052096, 21),
(341, 334, 333, False, False, True, False, False, False, 3929785, 31),
(342, 347, 338, False, True, False, False, False, False, 4570674, 22),
(343, 327, 334, False, False, False, True, False, False, 3921690, 21),
(344, 357, 368, False, False, False, False, True, False, 4243371, 15),
(345, 338, 354, True, False, False, False, False, False, 4361259, 10),
(346, 335, 343, True, False, False, False, False, False, 3886812, 7),
(347, 358, 348, False, False, False, False, True, False, 4034949, 5),
(348, 348, 355, True, False, False, False, False, False, 4241464, 15),
(349, 352, 358, False, False, False, True, False, False, 4426553, 19),
(350, 353, 341, False, False, False, True, False, False, 4372780, 5),
(351, 337, 337, False, False, False, True, False, False, 3043275, 22),
(352, 355, 345, False, False, False, True, False, False, 3911853, 10),
(353, 349, 346, False, False, True, False, False, False, 4050373, 26),
(354, 356, 350, False, False, False, True, False, False, 4362523, 14),
(355, 373, 369, False, False, False, False, True, False, 10621, 31),
(356, 350, 344, False, False, False, True, False, False, 3843945, 23),
(357, 362, 359, False, False, True, False, False, False, 4570409, 8),
(358, 343, 349, False, False, True, False, False, False, 4242540, 24),
(359, 361, 353, False, False, True, False, False, False, 2991662, 4),
(360, 354, 347, False, False, False, True, False, False, 3052897, 20),
(361, 364, 376, False, False, False, False, True, False, 4566192, 19),
(362, 351, 342, False, False, True, False, False, False, 2576581, 1),
(363, 359, 351, False, False, False, True, False, False, 4430723, 16),
(364, 365, 356, False, False, True, False, False, False, 4360405, 29),
(365, 366, 360, False, False, False, True, False, False, 4361438, 32),
(366, 368, 364, False, False, True, False, False, False, 4427985, 23),
(367, 363, 352, False, False, False, True, False, False, 4576297, 29),
(368, 372, 363, False, False, False, True, False, False, 4372096, 9),
(369, 360, 370, False, False, False, True, False, False, 2975674, 21),
(370, 367, 371, False, False, True, False, False, False, 4427575, 31),
(371, 369, 374, False, False, True, False, False, False, 4428796, 2),
(372, 377, 361, False, False, False, True, False, False, 4242392, 11),
(373, 378, 372, False, False, False, True, False, False, 2998565, 14),
(374, 371, 362, False, False, False, True, False, False, 4696700, 1),
(375, 376, 379, True, False, False, False, False, False, 16760, 19),
(376, 375, 375, False, False, False, True, False, False, 3128452, 8),
(377, 374, 377, False, False, False, True, False, False, 4040774, 17),
(378, 379, 378, False, False, False, True, False, False, 2971281, 29),
(379, 370, 373, False, False, False, True, False, False, 4360231, 10);

INSERT INTO nfl_skill_player_projection (player_id, fumbles_lost, two_point_conversions, rush_yards, rush_attempts, rush_touchdowns, pass_attempts, pass_yards, pass_touchdowns, pass_completions, interceptions, receptions, receiving_touchdowns, targets, receiving_yards, season, standard_fantasy_points, ppr_fantasy_points, half_ppr_fantasy_points) VALUES
(4040715, 3, 1, 649, 151, 11, 493, 3614, 23, 323, 11, 0, 0, 0, 0, 2024, 341, 341, 341),
(2991662, 0, 0, 0, 0, 0, 0, 0, 0, 0, 0, 10, 1, 16, 128, 2024, 18, 28, 23),
(3119195, 0, 0, 125, 31, 1, 0, 0, 0, 0, 0, 16, 0, 20, 119, 2024, 30, 46, 38),
(4241389, 1, 0, 74, 12, 1, 0, 0, 0, 0, 0, 115, 8, 166, 1455, 2024, 204, 319, 262),
(4426553, 0, 0, 0, 0, 0, 0, 0, 0, 0, 0, 13, 1, 18, 132, 2024, 19, 32, 25),
(4428850, 0, 0, 16, 3, 0, 0, 0, 0, 0, 0, 51, 4, 82, 659, 2024, 91, 142, 117),
(3139925, 0, 0, 76, 18, 1, 0, 0, 0, 0, 0, 2, 0, 3, 15, 2024, 15, 17, 16),
(4242355, 1, 0, 0, 0, 0, 0, 0, 0, 0, 0, 68, 5, 97, 711, 2024, 99, 167, 133),
(4360635, 1, 0, 4, 1, 0, 0, 0, 0, 0, 0, 43, 3, 61, 439, 2024, 60, 103, 81),
(3915511, 4, 1, 188, 54, 2, 606, 4313, 32, 409, 12, 0, 0, 0, 0, 2024, 301, 301, 301),
(4430807, 2, 0, 1098, 245, 8, 0, 0, 0, 0, 0, 55, 2, 71, 414, 2024, 207, 262, 234),
(4036348, 0, 0, 4, 1, 0, 0, 0, 0, 0, 0, 33, 3, 55, 431, 2024, 61, 94, 78),
(4045163, 1, 0, 194, 47, 1, 0, 0, 0, 0, 0, 6, 0, 8, 44, 2024, 27, 33, 30),
(4243331, 0, 0, 0, 0, 0, 0, 0, 0, 0, 0, 46, 3, 65, 441, 2024, 62, 108, 85),
(3043116, 0, 0, 11, 1, 0, 0, 0, 0, 0, 0, 47, 5, 73, 584, 2024, 89, 136, 113),
(4428718, 0, 0, 35, 6, 0, 0, 0, 0, 0, 0, 30, 2, 45, 323, 2024, 47, 77, 62),
(4427985, 0, 0, 0, 0, 0, 0, 0, 0, 0, 0, 12, 1, 20, 145, 2024, 20, 32, 26),
(3895856, 1, 0, 11, 2, 0, 0, 0, 0, 0, 0, 81, 6, 123, 1032, 2024, 138, 219, 178),
(4426891, 0, 0, 118, 28, 1, 0, 0, 0, 0, 0, 4, 0, 5, 30, 2024, 20, 24, 22),
(3054212, 0, 0, 0, 0, 0, 0, 0, 0, 0, 0, 18, 1, 25, 182, 2024, 24, 42, 33),
(3916945, 0, 0, 5, 1, 0, 0, 0, 0, 0, 0, 38, 3, 64, 550, 2024, 73, 111, 92),
(3045523, 0, 0, 12, 2, 0, 0, 0, 0, 0, 0, 39, 3, 62, 493, 2024, 68, 107, 88),
(3121023, 1, 0, 0, 0, 0, 0, 0, 0, 0, 0, 65, 4, 90, 697, 2024, 91, 156, 124),
(4682745, 0, 0, 267, 60, 2, 0, 0, 0, 0, 0, 11, 1, 14, 79, 2024, 52, 63, 58),
(4047365, 1, 0, 1039, 233, 8, 0, 0, 0, 0, 0, 35, 2, 46, 255, 2024, 187, 222, 204),
(2976499, 1, 0, 5, 1, 0, 0, 0, 0, 0, 0, 75, 7, 125, 1102, 2024, 150, 225, 188),
(4366031, 1, 0, 66, 12, 0, 0, 0, 0, 0, 0, 76, 6, 113, 975, 2024, 138, 214, 176),
(4371733, 1, 0, 188, 45, 1, 0, 0, 0, 0, 0, 14, 1, 19, 104, 2024, 39, 53, 46),
(4678008, 1, 0, 815, 189, 5, 0, 0, 0, 0, 0, 37, 1, 46, 273, 2024, 142, 179, 161),
(2971618, 0, 0, 6, 2, 0, 0, 0, 0, 0, 0, 20, 2, 31, 248, 2024, 37, 57, 47),
(3139602, 0, 0, 63, 15, 0, 0, 0, 0, 0, 0, 3, 0, 4, 23, 2024, 8, 11, 10),
(3932905, 1, 0, 11, 2, 0, 0, 0, 0, 0, 0, 66, 4, 100, 690, 2024, 92, 158, 125),
(4429501, 0, 0, 349, 85, 2, 0, 0, 0, 0, 0, 14, 1, 18, 106, 2024, 63, 77, 70),
(2980453, 0, 0, 328, 80, 2, 0, 0, 0, 0, 0, 9, 0, 12, 65, 2024, 51, 60, 55),
(4428532, 0, 0, 6, 1, 0, 0, 0, 0, 0, 0, 11, 1, 19, 141, 2024, 20, 31, 26),
(4426354, 1, 0, 10, 2, 0, 0, 0, 0, 0, 0, 71, 6, 116, 1072, 2024, 142, 213, 177),
(4242392, 0, 0, 0, 0, 0, 0, 0, 0, 0, 0, 11, 1, 16, 109, 2024, 16, 27, 22),
(4360939, 0, 0, 5, 1, 0, 0, 0, 0, 0, 0, 44, 4, 70, 559, 2024, 80, 124, 102),
(4243003, 0, 0, 117, 28, 1, 0, 0, 0, 0, 0, 4, 0, 5, 29, 2024, 20, 24, 22),
(2577417, 3, 1, 227, 54, 2, 562, 4160, 31, 380, 11, 0, 0, 0, 0, 2024, 299, 299, 299),
(4426485, 0, 0, 8, 1, 0, 0, 0, 0, 0, 0, 26, 2, 46, 314, 2024, 44, 70, 57),
(4427575, 0, 0, 0, 0, 0, 0, 0, 0, 0, 0, 11, 1, 19, 131, 2024, 19, 30, 24),
(4430737, 2, 1, 1041, 233, 9, 0, 0, 0, 0, 0, 39, 2, 50, 284, 2024, 196, 235, 216),
(2576581, 0, 0, 16, 3, 0, 0, 0, 0, 0, 0, 18, 1, 29, 230, 2024, 30, 48, 39),
(4612826, 0, 0, 10, 1, 0, 0, 0, 0, 0, 0, 61, 6, 97, 743, 2024, 111, 172, 141),
(4426338, 3, 0, 320, 71, 3, 405, 2704, 16, 262, 10, 0, 0, 0, 0, 2024, 196, 196, 196),
(4430968, 0, 0, 392, 93, 3, 0, 0, 0, 0, 0, 17, 0, 22, 126, 2024, 69, 86, 78),
(4430723, 0, 0, 0, 0, 0, 0, 0, 0, 0, 0, 12, 1, 18, 128, 2024, 18, 30, 24),
(4696700, 0, 0, 0, 0, 0, 0, 0, 0, 0, 0, 12, 1, 18, 121, 2024, 18, 30, 24),
(4367209, 0, 0, 0, 0, 0, 0, 0, 0, 0, 0, 26, 2, 37, 273, 2024, 39, 65, 52),
(4429615, 1, 0, 51, 8, 0, 0, 0, 0, 0, 0, 81, 6, 116, 932, 2024, 132, 213, 172),
(4426348, 3, 1, 528, 99, 5, 494, 3344, 19, 301, 14, 0, 0, 0, 0, 2024, 260, 260, 260),
(3040151, 1, 0, 5, 1, 0, 0, 0, 0, 0, 0, 65, 6, 90, 888, 2024, 123, 188, 155),
(4369863, 0, 0, 5, 1, 0, 0, 0, 0, 0, 0, 22, 2, 40, 294, 2024, 41, 63, 52),
(3051392, 1, 0, 737, 181, 7, 0, 0, 0, 0, 0, 29, 1, 37, 208, 2024, 140, 169, 155),
(2577327, 1, 0, 5, 1, 0, 0, 0, 0, 0, 0, 64, 5, 95, 768, 2024, 105, 169, 137),
(3912547, 0, 1, 41, 12, 1, 95, 653, 4, 59, 2, 0, 0, 0, 0, 2024, 50, 50, 50),
(4362523, 0, 0, 0, 0, 0, 0, 0, 0, 0, 0, 23, 2, 33, 241, 2024, 36, 59, 47),
(3125116, 0, 0, 302, 72, 2, 0, 0, 0, 0, 0, 10, 0, 14, 74, 2024, 49, 59, 54),
(4361432, 1, 0, 5, 1, 0, 0, 0, 0, 0, 0, 61, 5, 96, 761, 2024, 104, 165, 135),
(4361438, 0, 0, 0, 0, 0, 0, 0, 0, 0, 0, 8, 1, 12, 87, 2024, 14, 22, 18),
(4362887, 1, 0, 192, 35, 1, 112, 784, 4, 68, 3, 0, 0, 0, 0, 2024, 64, 64, 64),
(4035886, 1, 0, 457, 107, 3, 0, 0, 0, 0, 0, 11, 1, 14, 81, 2024, 75, 86, 81),
(3116406, 1, 0, 36, 5, 0, 0, 0, 0, 0, 0, 112, 9, 162, 1558, 2024, 211, 323, 267),
(4569618, 1, 0, 31, 5, 0, 0, 0, 0, 0, 0, 99, 8, 151, 1256, 2024, 174, 273, 224),
(4428331, 1, 0, 9, 2, 0, 0, 0, 0, 0, 0, 77, 6, 109, 839, 2024, 118, 195, 157),
(4427366, 2, 1, 1212, 267, 8, 0, 0, 0, 0, 0, 54, 2, 69, 404, 2024, 219, 273, 246),
(4722893, 1, 0, 484, 110, 3, 0, 0, 0, 0, 0, 22, 1, 29, 159, 2024, 86, 108, 97),
(4697815, 2, 0, 925, 225, 6, 0, 0, 0, 0, 0, 50, 2, 62, 370, 2024, 173, 223, 198),
(4361307, 1, 0, 0, 0, 0, 0, 0, 0, 0, 0, 80, 5, 116, 820, 2024, 110, 190, 150),
(4360238, 1, 0, 436, 106, 3, 0, 0, 0, 0, 0, 9, 0, 13, 67, 2024, 66, 75, 70),
(3046439, 0, 0, 0, 0, 0, 0, 0, 0, 0, 0, 35, 3, 49, 359, 2024, 53, 88, 71),
(4035538, 1, 0, 895, 202, 9, 0, 0, 0, 0, 0, 20, 1, 26, 147, 2024, 162, 182, 172),
(3051926, 1, 0, 844, 197, 7, 0, 0, 0, 0, 0, 17, 1, 22, 125, 2024, 142, 159, 151),
(4360231, 0, 0, 0, 0, 0, 0, 0, 0, 0, 0, 15, 1, 22, 160, 2024, 22, 37, 29),
(4241555, 1, 0, 401, 88, 3, 0, 0, 0, 0, 0, 10, 0, 13, 76, 2024, 63, 73, 68),
(4692590, 0, 0, 4, 1, 0, 0, 0, 0, 0, 0, 27, 2, 50, 403, 2024, 52, 79, 66),
(4429795, 1, 0, 950, 199, 7, 0, 0, 0, 0, 0, 54, 2, 70, 399, 2024, 186, 240, 213),
(2998565, 0, 0, 0, 0, 0, 0, 0, 0, 0, 0, 10, 1, 14, 107, 2024, 16, 26, 21),
(16800, 1, 0, 5, 1, 0, 0, 0, 0, 0, 0, 94, 6, 149, 1121, 2024, 146, 240, 193),
(4569987, 1, 0, 677, 154, 4, 0, 0, 0, 0, 0, 41, 2, 52, 302, 2024, 131, 172, 152),
(15835, 0, 0, 0, 0, 0, 0, 0, 0, 0, 0, 26, 2, 38, 250, 2024, 37, 63, 50),
(4361411, 1, 0, 0, 0, 0, 0, 0, 0, 0, 0, 60, 4, 89, 625, 2024, 84, 144, 114),
(4685720, 3, 1, 227, 49, 2, 525, 3461, 19, 317, 14, 0, 0, 0, 0, 2024, 217, 217, 217),
(3045138, 1, 0, 5, 1, 0, 0, 0, 0, 0, 0, 54, 5, 86, 742, 2024, 102, 156, 129),
(4360569, 0, 0, 34, 8, 0, 0, 0, 0, 0, 0, 2, 0, 3, 15, 2024, 4, 6, 5),
(4362504, 0, 0, 0, 0, 0, 0, 0, 0, 0, 0, 13, 1, 19, 136, 2024, 19, 32, 26),
(4361777, 1, 0, 890, 217, 6, 0, 0, 0, 0, 0, 29, 1, 38, 211, 2024, 150, 179, 164),
(3128720, 1, 0, 902, 200, 8, 0, 0, 0, 0, 0, 16, 1, 21, 121, 2024, 154, 170, 162),
(3918298, 4, 1, 550, 111, 9, 560, 4035, 27, 362, 14, 0, 0, 0, 0, 2024, 344, 344, 344),
(4428557, 1, 0, 606, 141, 4, 0, 0, 0, 0, 0, 44, 2, 57, 321, 2024, 126, 170, 148),
(3043078, 1, 1, 1089, 244, 10, 0, 0, 0, 0, 0, 19, 1, 25, 141, 2024, 189, 208, 198),
(4038815, 0, 0, 412, 100, 3, 0, 0, 0, 0, 0, 19, 1, 25, 138, 2024, 79, 98, 88),
(15807, 0, 0, 139, 33, 1, 0, 0, 0, 0, 0, 9, 0, 12, 68, 2024, 26, 35, 31),
(4047650, 1, 0, 5, 1, 0, 0, 0, 0, 0, 0, 74, 8, 123, 1059, 2024, 152, 226, 189),
(4692022, 0, 0, 19, 3, 0, 0, 0, 0, 0, 0, 35, 3, 57, 422, 2024, 62, 97, 79),
(4426496, 0, 0, 0, 0, 0, 0, 0, 0, 0, 0, 23, 2, 36, 245, 2024, 36, 59, 48),
(4428796, 0, 0, 0, 0, 0, 0, 0, 0, 0, 0, 10, 1, 17, 127, 2024, 18, 28, 23),
(2975674, 0, 0, 0, 0, 0, 0, 0, 0, 0, 0, 15, 1, 21, 153, 2024, 21, 36, 28),
(4361409, 1, 0, 10, 2, 0, 0, 0, 0, 0, 0, 49, 4, 83, 621, 2024, 85, 134, 109),
(4361529, 1, 0, 1051, 230, 8, 0, 0, 0, 0, 0, 43, 2, 56, 318, 2024, 194, 237, 216),
(4360438, 1, 0, 5, 1, 0, 0, 0, 0, 0, 0, 76, 7, 112, 1113, 2024, 151, 227, 189),
(4240472, 0, 0, 0, 0, 0, 0, 0, 0, 0, 0, 24, 2, 35, 256, 2024, 37, 61, 49),
(4431611, 3, 1, 272, 68, 3, 545, 3802, 24, 347, 14, 0, 0, 0, 0, 2024, 261, 261, 261),
(4038941, 4, 1, 211, 55, 3, 556, 3967, 26, 367, 10, 0, 0, 0, 0, 2024, 275, 275, 275),
(4035676, 0, 0, 721, 174, 6, 0, 0, 0, 0, 0, 30, 1, 39, 221, 2024, 136, 166, 151),
(4428209, 0, 0, 17, 3, 0, 0, 0, 0, 0, 0, 51, 5, 84, 620, 2024, 93, 144, 119),
(15818, 1, 0, 11, 2, 0, 0, 0, 0, 0, 0, 84, 6, 121, 933, 2024, 128, 212, 170),
(4241457, 1, 0, 928, 226, 7, 0, 0, 0, 0, 0, 28, 1, 36, 199, 2024, 158, 186, 172),
(3115306, 0, 0, 5, 1, 0, 0, 0, 0, 0, 0, 30, 2, 48, 381, 2024, 50, 80, 65),
(3921690, 0, 0, 0, 0, 0, 0, 0, 0, 0, 0, 11, 1, 16, 116, 2024, 17, 28, 23),
(4569609, 0, 0, 178, 42, 1, 0, 0, 0, 0, 0, 13, 1, 17, 96, 2024, 39, 52, 45),
(4426386, 1, 0, 230, 56, 2, 0, 0, 0, 0, 0, 18, 1, 23, 134, 2024, 52, 70, 61),
(4426385, 1, 0, 575, 137, 4, 0, 0, 0, 0, 0, 33, 1, 43, 241, 2024, 109, 142, 126),
(4426388, 1, 0, 31, 5, 0, 0, 0, 0, 0, 0, 50, 5, 82, 707, 2024, 101, 151, 126),
(4430637, 0, 0, 14, 1, 0, 0, 0, 0, 0, 0, 54, 4, 86, 640, 2024, 89, 143, 116),
(4430878, 1, 0, 10, 2, 0, 0, 0, 0, 0, 0, 68, 5, 100, 738, 2024, 102, 170, 136),
(4362628, 1, 0, 16, 3, 0, 0, 0, 0, 0, 0, 105, 8, 157, 1367, 2024, 184, 289, 236),
(4047646, 1, 0, 6, 1, 0, 0, 0, 0, 0, 0, 90, 8, 142, 1351, 2024, 181, 271, 226),
(4361418, 3, 1, 169, 48, 2, 550, 3801, 24, 338, 14, 0, 0, 0, 0, 2024, 244, 244, 244),
(4372780, 0, 0, 0, 0, 0, 0, 0, 0, 0, 0, 16, 1, 23, 170, 2024, 23, 39, 31),
(2468609, 0, 0, 298, 67, 3, 10, 70, 0, 6, 0, 20, 1, 30, 205, 2024, 77, 97, 87),
(4242540, 0, 0, 4, 1, 0, 0, 0, 0, 0, 0, 14, 1, 23, 183, 2024, 24, 38, 31),
(3128429, 1, 0, 5, 1, 0, 0, 0, 0, 0, 0, 58, 5, 92, 782, 2024, 106, 164, 135),
(4242557, 0, 0, 0, 0, 0, 0, 0, 0, 0, 0, 31, 3, 45, 333, 2024, 51, 82, 66),
(4242433, 1, 0, 6, 1, 0, 0, 0, 0, 0, 0, 51, 5, 81, 639, 2024, 92, 143, 118),
(4372414, 0, 0, 18, 4, 0, 0, 0, 0, 0, 0, 38, 3, 63, 412, 2024, 61, 99, 80),
(4433970, 4, 0, 301, 71, 3, 499, 3401, 21, 303, 14, 0, 0, 0, 0, 2024, 232, 232, 232),
(4373626, 1, 0, 575, 136, 3, 0, 0, 0, 0, 0, 19, 1, 24, 134, 2024, 92, 111, 102),
(4696882, 0, 0, 7, 1, 0, 0, 0, 0, 0, 0, 32, 3, 54, 394, 2024, 58, 90, 74),
(3059722, 1, 0, 7, 2, 0, 0, 0, 0, 0, 0, 38, 3, 62, 450, 2024, 61, 99, 80),
(3052096, 0, 0, 0, 0, 0, 0, 0, 0, 0, 0, 17, 1, 24, 175, 2024, 23, 40, 32),
(4242431, 1, 0, 469, 114, 3, 0, 0, 0, 0, 0, 22, 1, 29, 166, 2024, 85, 107, 96),
(4241463, 1, 0, 11, 2, 0, 0, 0, 0, 0, 0, 55, 5, 87, 710, 2024, 100, 155, 127),
(4241464, 0, 0, 20, 5, 0, 30, 200, 1, 19, 1, 0, 0, 0, 0, 2024, 12, 12, 12),
(4360310, 4, 1, 316, 69, 3, 560, 3912, 25, 368, 13, 0, 0, 0, 0, 2024, 274, 274, 274),
(4360797, 0, 0, 17, 3, 0, 0, 0, 0, 0, 0, 19, 1, 32, 242, 2024, 31, 50, 41),
(4241478, 1, 0, 6, 1, 0, 0, 0, 0, 0, 0, 85, 6, 125, 1041, 2024, 138, 223, 181),
(4241479, 3, 1, 73, 33, 1, 524, 4104, 29, 354, 12, 0, 0, 0, 0, 2024, 265, 265, 265),
(4570409, 0, 0, 5, 1, 0, 0, 0, 0, 0, 0, 19, 1, 27, 197, 2024, 26, 45, 35),
(4243537, 1, 0, 5, 1, 0, 0, 0, 0, 0, 0, 50, 5, 86, 721, 2024, 100, 150, 125),
(4361516, 0, 0, 0, 0, 0, 0, 0, 0, 0, 0, 26, 2, 38, 263, 2024, 38, 64, 51),
(4379399, 1, 0, 908, 203, 5, 0, 0, 0, 0, 0, 40, 2, 52, 309, 2024, 161, 201, 181),
(3123076, 1, 0, 0, 0, 0, 0, 0, 0, 0, 0, 66, 5, 96, 711, 2024, 99, 165, 132),
(4360761, 0, 0, 5, 1, 0, 0, 0, 0, 0, 0, 48, 4, 80, 642, 2024, 88, 136, 112),
(4032473, 1, 0, 50, 8, 0, 0, 0, 0, 0, 0, 50, 4, 80, 680, 2024, 95, 145, 120),
(4429205, 1, 0, 19, 3, 0, 0, 0, 0, 0, 0, 73, 6, 115, 1012, 2024, 137, 210, 173),
(4368003, 0, 0, 6, 1, 0, 0, 0, 0, 0, 0, 22, 2, 34, 271, 2024, 39, 61, 50),
(3886812, 0, 0, 34, 8, 0, 62, 433, 3, 40, 2, 0, 0, 0, 0, 2024, 28, 28, 28),
(3043275, 0, 0, 0, 0, 0, 0, 0, 0, 0, 0, 11, 1, 16, 109, 2024, 16, 27, 22),
(4242335, 2, 1, 1224, 266, 10, 0, 0, 0, 0, 0, 32, 1, 41, 244, 2024, 210, 242, 226),
(4242214, 0, 0, 309, 73, 2, 0, 0, 0, 0, 0, 22, 1, 29, 163, 2024, 65, 87, 76),
(4432620, 0, 0, 8, 2, 0, 0, 0, 0, 0, 0, 24, 2, 36, 257, 2024, 38, 62, 50),
(4429202, 0, 0, 148, 35, 1, 0, 0, 0, 0, 0, 5, 0, 7, 41, 2024, 24, 29, 27),
(4361741, 3, 1, 163, 39, 2, 497, 4011, 30, 335, 11, 0, 0, 0, 0, 2024, 282, 282, 282),
(4576297, 0, 0, 0, 0, 0, 0, 0, 0, 0, 0, 14, 1, 21, 150, 2024, 21, 35, 28),
(3046779, 3, 1, 57, 26, 1, 572, 4207, 29, 375, 11, 0, 0, 0, 0, 2024, 269, 269, 269),
(2976212, 1, 0, 5, 1, 0, 0, 0, 0, 0, 0, 80, 7, 122, 976, 2024, 138, 218, 178),
(4360405, 0, 0, 5, 1, 0, 0, 0, 0, 0, 0, 25, 2, 39, 307, 2024, 43, 68, 55),
(3911853, 0, 0, 0, 0, 0, 0, 0, 0, 0, 0, 13, 1, 18, 131, 2024, 19, 32, 25),
(4688813, 1, 0, 20, 3, 0, 0, 0, 0, 0, 0, 59, 4, 88, 653, 2024, 89, 148, 118),
(4362249, 1, 0, 76, 13, 1, 0, 0, 0, 0, 0, 71, 5, 105, 886, 2024, 130, 201, 165),
(3116365, 1, 0, 0, 0, 0, 0, 0, 0, 0, 0, 67, 7, 99, 847, 2024, 124, 191, 158),
(4429023, 1, 0, 359, 82, 3, 0, 0, 0, 0, 0, 15, 1, 20, 115, 2024, 69, 84, 76),
(4429148, 0, 0, 0, 0, 0, 0, 0, 0, 0, 0, 36, 2, 53, 373, 2024, 49, 85, 67),
(4429025, 0, 0, 6, 1, 0, 0, 0, 0, 0, 0, 49, 4, 82, 614, 2024, 86, 135, 110),
(4567156, 1, 0, 22, 4, 0, 0, 0, 0, 0, 0, 26, 2, 44, 340, 2024, 46, 72, 59),
(4039160, 0, 0, 0, 0, 0, 0, 0, 0, 0, 0, 17, 1, 24, 173, 2024, 23, 40, 31),
(4429262, 0, 0, 0, 0, 0, 0, 0, 0, 0, 0, 23, 2, 36, 253, 2024, 37, 60, 48),
(4430027, 1, 0, 0, 0, 0, 0, 0, 0, 0, 0, 81, 7, 112, 839, 2024, 123, 204, 164),
(16757, 3, 1, 68, 31, 1, 531, 3650, 22, 354, 11, 0, 0, 0, 0, 2024, 220, 220, 220),
(4360078, 0, 0, 4, 1, 0, 0, 0, 0, 0, 0, 22, 2, 41, 332, 2024, 45, 67, 56),
(15795, 1, 0, 9, 2, 0, 0, 0, 0, 0, 0, 67, 5, 110, 850, 2024, 113, 180, 147),
(4362019, 0, 0, 5, 1, 0, 0, 0, 0, 0, 0, 26, 2, 46, 367, 2024, 49, 75, 62),
(16760, 0, 0, 7, 3, 0, 31, 217, 2, 20, 1, 0, 0, 0, 0, 2024, 15, 15, 15),
(4429275, 1, 0, 545, 130, 4, 0, 0, 0, 0, 0, 21, 1, 26, 152, 2024, 97, 118, 108),
(4429033, 0, 0, 10, 1, 0, 0, 0, 0, 0, 0, 44, 4, 73, 556, 2024, 80, 124, 102),
(4431588, 0, 0, 0, 0, 0, 0, 0, 0, 0, 0, 32, 3, 49, 355, 2024, 53, 85, 69),
(3843945, 0, 0, 0, 0, 0, 0, 0, 0, 0, 0, 11, 1, 16, 116, 2024, 17, 28, 23),
(4569587, 1, 0, 55, 10, 0, 0, 0, 0, 0, 0, 58, 4, 84, 593, 2024, 86, 144, 115),
(4427095, 1, 0, 34, 5, 0, 0, 0, 0, 0, 0, 57, 4, 83, 630, 2024, 88, 145, 116),
(15880, 0, 0, 6, 1, 0, 0, 0, 0, 0, 0, 20, 1, 32, 204, 2024, 27, 47, 37),
(4361259, 0, 0, 17, 4, 0, 29, 200, 1, 18, 1, 0, 0, 0, 0, 2024, 11, 11, 11),
(4361370, 1, 0, 5, 1, 0, 0, 0, 0, 0, 0, 88, 6, 137, 1192, 2024, 153, 241, 197),
(3051738, 0, 0, 4, 1, 0, 0, 0, 0, 0, 0, 19, 2, 35, 282, 2024, 40, 59, 50),
(4361372, 0, 0, 0, 0, 0, 0, 0, 0, 0, 0, 18, 1, 26, 189, 2024, 24, 42, 33),
(4432665, 1, 0, 0, 0, 0, 0, 0, 0, 0, 0, 60, 5, 84, 672, 2024, 95, 155, 125),
(4431453, 0, 0, 183, 43, 2, 0, 0, 0, 0, 0, 13, 1, 17, 96, 2024, 45, 58, 52),
(4431452, 3, 1, 271, 61, 3, 505, 3361, 20, 311, 13, 0, 0, 0, 0, 2024, 229, 229, 229),
(16731, 1, 0, 17, 3, 0, 0, 0, 0, 0, 0, 54, 4, 85, 672, 2024, 90, 144, 117),
(16737, 1, 0, 5, 1, 0, 0, 0, 0, 0, 0, 74, 8, 126, 1108, 2024, 157, 231, 194),
(4362478, 1, 0, 169, 40, 1, 0, 0, 0, 0, 0, 19, 1, 24, 138, 2024, 40, 59, 50),
(4569682, 1, 0, 220, 52, 2, 0, 0, 0, 0, 0, 9, 0, 11, 61, 2024, 38, 47, 42),
(3118892, 0, 0, 0, 0, 0, 0, 0, 0, 0, 0, 17, 2, 28, 221, 2024, 34, 51, 42),
(3916148, 1, 0, 850, 200, 5, 0, 0, 0, 0, 0, 31, 1, 41, 231, 2024, 142, 173, 157),
(4362238, 0, 0, 629, 151, 4, 0, 0, 0, 0, 0, 36, 1, 46, 276, 2024, 120, 156, 138),
(4385690, 1, 0, 0, 0, 0, 0, 0, 0, 0, 0, 78, 5, 108, 805, 2024, 108, 186, 147),
(4686781, 0, 0, 6, 1, 0, 0, 0, 0, 0, 0, 20, 1, 33, 246, 2024, 31, 51, 41),
(3916387, 3, 1, 801, 144, 5, 464, 3516, 25, 305, 10, 0, 0, 0, 0, 2024, 326, 326, 326),
(4570674, 0, 0, 250, 60, 2, 0, 0, 0, 0, 0, 8, 0, 10, 58, 2024, 42, 50, 46),
(4360294, 1, 0, 341, 84, 2, 0, 0, 0, 0, 0, 35, 1, 46, 260, 2024, 76, 111, 93),
(4429013, 0, 0, 260, 62, 2, 0, 0, 0, 0, 0, 9, 0, 12, 65, 2024, 44, 53, 49),
(3051876, 1, 0, 0, 0, 0, 0, 0, 0, 0, 0, 73, 4, 99, 705, 2024, 92, 165, 129),
(8439, 3, 1, 96, 32, 1, 545, 3897, 27, 352, 9, 0, 0, 0, 0, 2024, 257, 257, 257),
(3128452, 0, 0, 0, 0, 0, 0, 0, 0, 0, 0, 8, 1, 12, 80, 2024, 14, 22, 18),
(4635008, 1, 0, 5, 1, 0, 0, 0, 0, 0, 0, 55, 5, 88, 729, 2024, 101, 156, 128),
(3122840, 3, 1, 393, 77, 4, 491, 3378, 22, 307, 13, 0, 0, 0, 0, 2024, 256, 256, 256),
(3117256, 1, 0, 0, 0, 0, 0, 0, 0, 0, 0, 61, 5, 87, 639, 2024, 91, 152, 122),
(4239934, 1, 0, 326, 78, 3, 0, 0, 0, 0, 0, 10, 0, 13, 71, 2024, 55, 65, 60),
(3116165, 1, 0, 26, 4, 0, 0, 0, 0, 0, 0, 87, 5, 129, 980, 2024, 128, 215, 172),
(3116164, 0, 0, 0, 0, 0, 0, 0, 0, 0, 0, 24, 2, 36, 259, 2024, 37, 61, 49),
(3117251, 2, 1, 1229, 256, 11, 0, 0, 0, 0, 0, 68, 4, 85, 537, 2024, 264, 332, 298),
(4241985, 1, 0, 242, 58, 2, 0, 0, 0, 0, 0, 12, 1, 15, 89, 2024, 49, 61, 55),
(4372016, 1, 0, 19, 3, 0, 0, 0, 0, 0, 0, 80, 6, 125, 1099, 2024, 145, 225, 185),
(4258173, 1, 0, 10, 2, 0, 0, 0, 0, 0, 0, 76, 7, 122, 1074, 2024, 148, 224, 186),
(4372019, 1, 0, 488, 116, 4, 0, 0, 0, 0, 0, 35, 1, 45, 253, 2024, 102, 137, 119),
(4240657, 0, 0, 111, 27, 1, 0, 0, 0, 0, 0, 10, 0, 13, 69, 2024, 24, 34, 29),
(15864, 3, 1, 147, 35, 1, 532, 3773, 24, 345, 11, 0, 0, 0, 0, 2024, 241, 241, 241),
(3127292, 0, 0, 0, 0, 0, 0, 0, 0, 0, 0, 10, 1, 14, 102, 2024, 16, 26, 21),
(4690923, 0, 0, 0, 0, 0, 0, 0, 0, 0, 0, 41, 3, 59, 431, 2024, 61, 102, 81),
(12483, 3, 1, 68, 16, 1, 563, 4085, 29, 364, 14, 0, 0, 0, 0, 2024, 260, 260, 260),
(3045147, 1, 0, 882, 204, 7, 0, 0, 0, 0, 0, 33, 1, 41, 246, 2024, 158, 191, 175),
(3045144, 1, 0, 8, 2, 0, 0, 0, 0, 0, 0, 49, 3, 70, 505, 2024, 67, 116, 91),
(3128390, 0, 0, 2, 1, 0, 0, 0, 0, 0, 0, 9, 1, 16, 123, 2024, 18, 27, 23),
(4372485, 0, 0, 91, 16, 1, 0, 0, 0, 0, 0, 29, 2, 42, 282, 2024, 55, 84, 69),
(3931391, 0, 0, 4, 1, 0, 0, 0, 0, 0, 0, 9, 1, 15, 119, 2024, 18, 27, 22),
(4685247, 0, 0, 290, 69, 2, 0, 0, 0, 0, 0, 8, 0, 10, 57, 2024, 46, 54, 50),
(4361579, 1, 0, 856, 201, 5, 0, 0, 0, 0, 0, 32, 1, 41, 232, 2024, 142, 174, 158),
(4360248, 1, 0, 0, 0, 0, 0, 0, 0, 0, 0, 67, 5, 103, 829, 2024, 110, 177, 144),
(3116385, 1, 0, 896, 216, 6, 0, 0, 0, 0, 0, 36, 1, 46, 264, 2024, 156, 192, 174),
(4431492, 0, 0, 29, 4, 0, 0, 0, 0, 0, 0, 50, 4, 82, 672, 2024, 94, 144, 119),
(4241401, 0, 0, 187, 44, 1, 0, 0, 0, 0, 0, 6, 0, 8, 44, 2024, 29, 35, 32),
(3116389, 0, 0, 156, 38, 1, 0, 0, 0, 0, 0, 26, 1, 33, 185, 2024, 46, 72, 59),
(4683062, 0, 0, 21, 3, 0, 0, 0, 0, 0, 0, 61, 6, 97, 818, 2024, 119, 180, 150),
(3929785, 0, 0, 4, 1, 0, 0, 0, 0, 0, 0, 13, 1, 22, 180, 2024, 24, 37, 30),
(15847, 1, 0, 4, 1, 0, 0, 0, 0, 0, 0, 80, 7, 110, 847, 2024, 125, 205, 165),
(16813, 0, 0, 0, 0, 0, 0, 0, 0, 0, 0, 23, 2, 34, 239, 2024, 35, 58, 47),
(4429160, 1, 0, 862, 172, 7, 0, 0, 0, 0, 0, 45, 2, 56, 346, 2024, 172, 217, 195),
(14881, 3, 1, 333, 73, 2, 464, 3219, 20, 298, 11, 0, 0, 0, 0, 2024, 228, 228, 228),
(3917315, 3, 1, 526, 94, 5, 525, 3667, 21, 339, 12, 0, 0, 0, 0, 2024, 285, 285, 285),
(4613104, 0, 0, 40, 7, 0, 0, 0, 0, 0, 0, 56, 4, 81, 586, 2024, 86, 142, 114),
(11252, 0, 0, 4, 3, 0, 33, 234, 1, 21, 1, 0, 0, 0, 0, 2024, 11, 11, 11),
(14880, 3, 1, 74, 29, 1, 542, 3912, 25, 366, 12, 0, 0, 0, 0, 2024, 241, 241, 241),
(3917792, 3, 1, 414, 84, 3, 423, 2923, 16, 274, 9, 0, 0, 0, 0, 2024, 218, 218, 218),
(3068267, 1, 0, 551, 131, 4, 0, 0, 0, 0, 0, 43, 2, 56, 325, 2024, 121, 164, 143),
(4686104, 0, 0, 5, 1, 0, 0, 0, 0, 0, 0, 14, 1, 23, 167, 2024, 23, 37, 30),
(4432577, 3, 1, 195, 46, 2, 579, 4367, 33, 374, 12, 0, 0, 0, 0, 2024, 310, 310, 310),
(4430034, 0, 0, 22, 3, 0, 0, 0, 0, 0, 0, 56, 5, 95, 712, 2024, 103, 159, 131),
(2573401, 0, 0, 0, 0, 0, 0, 0, 0, 0, 0, 23, 2, 33, 241, 2024, 36, 59, 47),
(4241410, 0, 0, 0, 0, 0, 0, 0, 0, 0, 0, 26, 2, 39, 292, 2024, 41, 67, 54),
(4260394, 3, 0, 28, 13, 0, 228, 1523, 8, 144, 6, 0, 0, 0, 0, 2024, 77, 77, 77),
(2971281, 0, 0, 0, 0, 0, 0, 0, 0, 0, 0, 7, 1, 10, 73, 2024, 13, 20, 16),
(4241416, 1, 0, 595, 145, 4, 0, 0, 0, 0, 0, 22, 1, 30, 157, 2024, 103, 125, 114),
(4373678, 0, 0, 8, 1, 0, 0, 0, 0, 0, 0, 61, 4, 93, 723, 2024, 97, 158, 127),
(4428085, 0, 0, 0, 0, 0, 0, 0, 0, 0, 0, 52, 4, 75, 601, 2024, 84, 136, 110),
(4569173, 1, 0, 907, 215, 6, 0, 0, 0, 0, 0, 32, 1, 42, 236, 2024, 154, 186, 170),
(3918639, 0, 0, 0, 0, 0, 0, 0, 0, 0, 0, 29, 2, 42, 299, 2024, 41, 70, 56),
(3915486, 0, 0, 0, 0, 0, 0, 0, 0, 0, 0, 37, 3, 53, 367, 2024, 54, 91, 73),
(3120348, 0, 0, 4, 1, 0, 0, 0, 0, 0, 0, 27, 2, 44, 284, 2024, 40, 67, 54),
(4595348, 1, 0, 15, 2, 0, 0, 0, 0, 0, 0, 76, 6, 125, 1031, 2024, 138, 214, 176),
(3930086, 0, 0, 0, 0, 0, 0, 0, 0, 0, 0, 29, 3, 44, 317, 2024, 49, 78, 64),
(3929645, 0, 0, 0, 0, 0, 0, 0, 0, 0, 0, 32, 3, 47, 359, 2024, 53, 85, 69),
(4262921, 1, 0, 12, 2, 0, 0, 0, 0, 0, 0, 105, 7, 162, 1427, 2024, 183, 288, 236),
(3042519, 1, 0, 885, 203, 6, 0, 0, 0, 0, 0, 36, 2, 47, 267, 2024, 161, 197, 179),
(3916566, 0, 0, 6, 1, 0, 0, 0, 0, 0, 0, 33, 3, 55, 427, 2024, 61, 94, 77),
(3052587, 3, 1, 192, 55, 2, 533, 3733, 24, 344, 12, 0, 0, 0, 0, 2024, 248, 248, 248),
(3929630, 2, 1, 1157, 261, 7, 0, 0, 0, 0, 0, 44, 2, 56, 331, 2024, 200, 244, 222),
(2576414, 1, 0, 752, 167, 7, 0, 0, 0, 0, 0, 24, 1, 30, 177, 2024, 138, 162, 150),
(4572680, 0, 0, 0, 0, 0, 0, 0, 0, 0, 0, 36, 3, 50, 374, 2024, 55, 91, 73),
(3916433, 1, 0, 21, 4, 0, 2, 12, 0, 1, 0, 60, 4, 91, 678, 2024, 92, 152, 122),
(4597500, 0, 0, 8, 1, 0, 0, 0, 0, 0, 0, 50, 4, 85, 653, 2024, 90, 140, 115),
(4565908, 0, 0, 36, 7, 0, 0, 0, 0, 0, 0, 27, 2, 42, 311, 2024, 46, 73, 60),
(4431299, 1, 0, 7, 1, 0, 0, 0, 0, 0, 0, 71, 6, 115, 961, 2024, 130, 201, 166),
(3121409, 0, 0, 3, 1, 0, 0, 0, 0, 0, 0, 21, 2, 35, 293, 2024, 41, 62, 52),
(4429086, 0, 0, 0, 0, 0, 0, 0, 0, 0, 0, 27, 2, 40, 287, 2024, 40, 67, 54),
(4429084, 3, 1, 780, 165, 9, 478, 3349, 19, 295, 12, 0, 0, 0, 0, 2024, 313, 313, 313),
(3054850, 1, 0, 728, 177, 4, 0, 0, 0, 0, 0, 57, 2, 72, 421, 2024, 148, 205, 177),
(16460, 1, 0, 5, 1, 0, 0, 0, 0, 0, 0, 59, 3, 86, 591, 2024, 75, 134, 105),
(4426948, 0, 0, 16, 3, 0, 0, 0, 0, 0, 0, 31, 2, 47, 341, 2024, 47, 78, 63),
(3121422, 1, 0, 6, 1, 0, 0, 0, 0, 0, 0, 75, 5, 122, 998, 2024, 128, 203, 165),
(4431280, 0, 0, 6, 1, 0, 0, 0, 0, 0, 0, 52, 4, 86, 643, 2024, 88, 140, 114),
(3121427, 1, 0, 85, 15, 1, 0, 0, 0, 0, 0, 55, 3, 81, 578, 2024, 88, 143, 115),
(4248528, 1, 0, 27, 5, 0, 0, 0, 0, 0, 0, 56, 6, 91, 774, 2024, 114, 170, 142),
(2977187, 1, 0, 24, 4, 0, 0, 0, 0, 0, 0, 84, 7, 124, 1002, 2024, 142, 226, 184),
(4050373, 0, 0, 5, 1, 0, 0, 0, 0, 0, 0, 14, 1, 24, 196, 2024, 26, 40, 33),
(4429096, 1, 0, 485, 110, 4, 0, 0, 0, 0, 0, 20, 1, 25, 145, 2024, 91, 111, 101),
(4036378, 3, 1, 216, 45, 3, 543, 3927, 28, 351, 12, 0, 0, 0, 0, 2024, 280, 280, 280),
(4036131, 0, 0, 0, 0, 0, 0, 0, 0, 0, 0, 35, 3, 48, 364, 2024, 54, 89, 71),
(4036133, 1, 0, 0, 0, 0, 0, 0, 0, 0, 0, 62, 4, 87, 637, 2024, 85, 147, 116),
(4426875, 1, 0, 41, 8, 1, 66, 452, 3, 43, 2, 0, 0, 0, 0, 2024, 34, 34, 34),
(3886598, 0, 0, 6, 1, 0, 0, 0, 0, 0, 0, 22, 2, 35, 278, 2024, 40, 62, 51),
(4426515, 1, 0, 42, 8, 0, 0, 0, 0, 0, 0, 94, 7, 142, 1256, 2024, 169, 263, 216),
(4259305, 0, 0, 7, 1, 0, 0, 0, 0, 0, 0, 21, 2, 35, 273, 2024, 40, 61, 50),
(4259545, 1, 0, 804, 191, 6, 0, 0, 0, 0, 0, 37, 1, 48, 271, 2024, 147, 184, 166),
(4048244, 1, 0, 368, 89, 3, 0, 0, 0, 0, 0, 15, 1, 19, 105, 2024, 69, 84, 76),
(3052897, 0, 0, 0, 0, 0, 0, 0, 0, 0, 0, 19, 2, 26, 192, 2024, 31, 50, 40),
(4040761, 1, 0, 943, 229, 5, 0, 0, 0, 0, 0, 36, 1, 47, 256, 2024, 153, 189, 171),
(4372096, 0, 0, 0, 0, 0, 0, 0, 0, 0, 0, 8, 1, 12, 87, 2024, 14, 22, 18),
(4037235, 0, 0, 24, 5, 0, 0, 0, 0, 0, 0, 52, 3, 74, 514, 2024, 71, 123, 97),
(4575665, 0, 0, 6, 1, 0, 0, 0, 0, 0, 0, 11, 1, 18, 134, 2024, 20, 31, 25),
(4038441, 0, 0, 133, 31, 1, 0, 0, 0, 0, 0, 19, 1, 25, 139, 2024, 39, 58, 48),
(2973405, 0, 0, 37, 6, 0, 0, 0, 0, 0, 0, 21, 2, 33, 262, 2024, 41, 62, 52),
(4599739, 1, 0, 427, 102, 3, 0, 0, 0, 0, 0, 19, 1, 24, 136, 2024, 78, 97, 87),
(4426407, 0, 0, 18, 3, 0, 0, 0, 0, 0, 0, 25, 2, 41, 312, 2024, 45, 70, 57),
(3050481, 0, 0, 0, 0, 0, 0, 0, 0, 0, 0, 24, 2, 34, 245, 2024, 36, 60, 48),
(3925357, 1, 0, 33, 6, 0, 0, 0, 0, 0, 0, 71, 6, 116, 959, 2024, 133, 204, 168),
(4596334, 1, 0, 207, 46, 2, 0, 0, 0, 0, 0, 12, 1, 14, 84, 2024, 45, 57, 51),
(4361050, 0, 0, 0, 0, 0, 0, 0, 0, 0, 0, 32, 3, 47, 352, 2024, 53, 85, 69),
(4258595, 1, 0, 0, 0, 0, 0, 0, 0, 0, 0, 57, 4, 81, 585, 2024, 80, 137, 109),
(4239993, 1, 0, 5, 1, 0, 0, 0, 0, 0, 0, 74, 7, 118, 1055, 2024, 146, 220, 183),
(3915416, 1, 0, 24, 4, 0, 0, 0, 0, 0, 0, 76, 7, 119, 1064, 2024, 148, 224, 186),
(4426502, 1, 0, 11, 2, 0, 0, 0, 0, 0, 0, 86, 7, 131, 1121, 2024, 153, 239, 196),
(4596448, 1, 0, 290, 71, 2, 0, 0, 0, 0, 0, 16, 1, 20, 119, 2024, 56, 72, 64),
(3924365, 0, 0, 0, 0, 0, 0, 0, 0, 0, 0, 28, 2, 40, 288, 2024, 40, 68, 54),
(4240600, 0, 0, 49, 8, 0, 0, 0, 0, 0, 0, 14, 1, 22, 172, 2024, 28, 42, 35),
(4249417, 0, 0, 5, 1, 0, 0, 0, 0, 0, 0, 31, 2, 49, 358, 2024, 48, 79, 63),
(4040774, 0, 0, 0, 0, 0, 0, 0, 0, 0, 0, 12, 1, 17, 122, 2024, 18, 30, 24),
(4040655, 0, 0, 13, 2, 0, 0, 0, 0, 0, 0, 46, 4, 77, 618, 2024, 87, 133, 110);


INSERT INTO nfl_kicker_projection (player_id, field_goals_made, field_goals_attempted, extra_points_made, 
    extra_points_attempted, season, fantasy_points) VALUES
(3124679, 26.0, 5.0, 46, 2, 2024, 117),
(3150744, 28.0, 5.0, 35, 2, 2024, 112),
(17372, 28.0, 4.0, 35, 2, 2024, 113),
(3055899, 30.0, 3.0, 51, 2, 2024, 136),
(3975763, 7.0, 2.0, 10, 1, 2024, 28),
(4243371, 7.0, 2.0, 10, 1, 2024, 28),
(10621, 28.0, 5.0, 33, 2, 2024, 110),
(4259619, 28.0, 5.0, 38, 2, 2024, 115),
(3123052, 26.0, 6.0, 41, 2, 2024, 111),
(4360234, 29.0, 4.0, 48, 2, 2024, 129),
(3051909, 29.0, 4.0, 36, 1, 2024, 118),
(3953687, 30.0, 4.0, 48, 2, 2024, 132),
(4249087, 28.0, 5.0, 35, 2, 2024, 112),
(2473037, 28.0, 5.0, 38, 2, 2024, 115),
(4034949, 24.0, 4.0, 34, 2, 2024, 100),
(4566192, 26.0, 6.0, 43, 2, 2024, 113),
(2985659, 26.0, 5.0, 36, 2, 2024, 107),
(3917232, 27.0, 5.0, 44, 2, 2024, 118),
(3049899, 30.0, 4.0, 39, 1, 2024, 124),
(11122, 28.0, 5.0, 35, 2, 2024, 112),
(14993, 29.0, 6.0, 40, 2, 2024, 119),
(15965, 28.0, 5.0, 41, 2, 2024, 118),
(12460, 28.0, 5.0, 33, 2, 2024, 110),
(4362081, 29.0, 4.0, 40, 2, 2024, 121),
(17427, 27.0, 4.0, 37, 2, 2024, 112),
(2971573, 27.0, 5.0, 47, 2, 2024, 121),
(3050478, 27.0, 4.0, 41, 2, 2024, 116),
(15683, 31.0, 4.0, 48, 1, 2024, 136),
(4372066, 27.0, 5.0, 48, 3, 2024, 121);

INSERT INTO nfl_team_projection (team_id, return_touchdowns, defensive_touchdowns, safeties, fumble_recoveries, 
    points_against, interceptions, sacks, blocked_kicks, season, fantasy_points) VALUES
(22, 0, 2, 1, 9, 422, 12, 41, 1, 2024, 99),
(23, 0, 2, 1, 9, 368, 13, 40, 1, 2024, 100),
(24, 0, 2, 1, 9, 388, 11, 41, 1, 2024, 97),
(25, 0, 3, 1, 10, 335, 15, 48, 1, 2024, 120),
(26, 0, 3, 1, 9, 335, 13, 45, 1, 2024, 111),
(27, 0, 2, 1, 9, 364, 13, 43, 1, 2024, 103),
(28, 0, 3, 1, 10, 341, 14, 47, 1, 2024, 117),
(29, 0, 2, 1, 9, 382, 13, 43, 1, 2024, 103),
(30, 0, 2, 1, 9, 372, 13, 40, 1, 2024, 100),
(31, 0, 2, 1, 9, 398, 12, 39, 1, 2024, 97),
(10, 0, 2, 1, 9, 381, 12, 38, 1, 2024, 96),
(32, 0, 2, 1, 9, 421, 12, 39, 1, 2024, 97),
(11, 0, 2, 1, 9, 377, 14, 43, 1, 2024, 105),
(12, 0, 2, 1, 9, 387, 13, 41, 1, 2024, 101),
(13, 0, 2, 1, 10, 362, 13, 43, 1, 2024, 105),
(14, 0, 2, 1, 9, 401, 12, 39, 1, 2024, 97),
(15, 0, 2, 1, 9, 385, 12, 42, 1, 2024, 100),
(16, 0, 3, 1, 10, 342, 14, 45, 1, 2024, 115),
(17, 0, 2, 1, 9, 383, 12, 43, 1, 2024, 101),
(18, 0, 2, 1, 9, 393, 12, 41, 1, 2024, 99),
(19, 0, 2, 1, 9, 392, 12, 41, 1, 2024, 99),
(1, 0, 2, 1, 9, 402, 12, 37, 1, 2024, 95),
(2, 0, 2, 1, 9, 391, 13, 40, 1, 2024, 100),
(3, 0, 3, 1, 10, 338, 14, 47, 1, 2024, 117),
(4, 0, 2, 1, 9, 362, 14, 42, 1, 2024, 104),
(5, 0, 2, 1, 9, 377, 12, 39, 1, 2024, 97),
(6, 0, 2, 1, 9, 365, 13, 42, 1, 2024, 102),
(7, 0, 2, 1, 9, 386, 13, 40, 1, 2024, 100),
(8, 0, 3, 1, 10, 346, 13, 44, 1, 2024, 112),
(9, 0, 3, 1, 10, 339, 15, 47, 1, 2024, 119),
(20, 0, 2, 1, 10, 371, 13, 43, 1, 2024, 105),
(21, 0, 2, 1, 9, 373, 12, 43, 1, 2024, 101);